Abel;Masc
Abelardo;Masc
Abner;Masc
Abraão;Masc
Absalom;Masc
Absirto;Masc
Abstêmio;Masc
Abud;Masc
Abundâncio;Masc
Abúndio;Masc
Acabe;Masc
Acace;Masc
Acácio;Masc
Acaco;Masc
Academos;Masc
Acaiah;Masc
Acanto;Masc
Acarnane;Masc
Acates;Masc
Acaz;Masc
Accioli;Masc
Acelino;Masc
Acelo;Masc
Acemiro;Masc
Achille;Masc
Acilino;Masc
Acineto;Masc
Ácio;Masc
Acir;Masc
Acis;Masc
Ácmon;Masc
Acrísio;Masc
Acsa;Masc
Acteão;Masc
Acúrcio;Masc
Acúrio;Masc
Acúrsio;Masc
Adah;Masc
Adair;Masc
Adalard;Masc
Adalberon;Masc
Adalberto;Masc
Adalelmo;Masc
Adalfredo;Masc
Adaliah;Masc
Adalmiro;Masc
Adalrico;Masc
Adalton;Masc
Adalvino;Masc
Adam;Masc
Adamantino;Masc
Adamanto;Masc
Adamastor;Masc
Adamir;Masc
Adamo;Masc
Adams;Masc
Adão;Masc
Adari;Masc
Adauto;Masc
Adel;Masc
Adelbar;Masc
Adelelmo;Masc
Adelfo;Masc
Adelino;Masc
Adélio;Masc
Adelmar;Masc
Adelmarino;Masc
Adelmiro;Masc
Adelmo;Masc
Adelpho;Masc
Adeltrudes;Masc
Ademar;Masc
Ademir;Masc
Aderaldo;Masc
Aderbal;Masc
Aderico;Masc
Adib;Masc
Adiel;Masc
Adigênio;Masc
Adílio;Masc
Adílson;Masc
Adir;Masc
Adjuto;Masc
Adlai;Masc
Adler;Masc
Admeto;Masc
Admin;Masc
Ado;Masc
Adolar;Masc
Adolfo;Masc
Adolphus;Masc
Adom;Masc
Adonai;Masc
Adonias;Masc
Adoniram;Masc
Adoniran;Masc
Adônis;Masc
Adramalec;Masc
Adrian;Masc
Adriano;Masc
Adriel;Masc
Adrien;Masc
Adroaldo;Masc
Adrovaldo;Masc
Aécio;Masc
Aéneas;Masc
Afif;Masc
Afonso;Masc
Afrânio;Masc
Africano;Masc
Afrodísio;Masc
Agabo;Masc
Agamedes;Masc
Agamenon;Masc
Agapanto;Masc
Agapenor;Masc
Agápio;Masc
Agasias;Masc
Agatocles;Masc
Agelau;Masc
Agenor;Masc
Agesilau;Masc
Ageu;Masc
Agildo;Masc
Agílio;Masc
Agilulfo;Masc
Agis;Masc
Aglaio;Masc
Aglaupo;Masc
Agledes;Masc
Agliberto;Masc
Agnaldo;Masc
Agnato;Masc
Agnelo;Masc
Agostinho;Masc
Agostino;Masc
Agrécio;Masc
Agripino;Masc
Ágron;Masc
Aguilar;Masc
Aguimar;Masc
Aguinaldo;Masc
Aguirre;Masc
Agustin;Masc
Agustine;Masc
Ahmad;Masc
Aidil;Masc
Aidoneus;Masc
Aiko;Masc
Ailson;Masc
Aílton;Masc
Aimão;Masc
Aimberê;Masc
Aimon;Masc
Aimoré;Masc
Airão;Masc
Aires;Masc
Airton;Masc
Airy;Masc
Ajagunã;Masc
Ajax;Masc
Ajuricaba;Masc
Aka;Masc
Akamu;Masc
Akira;Masc
Al-Samir;Masc
Alabá;Masc
Aladim;Masc
Aladino;Masc
Alain;Masc
Alair;Masc
Alam;Masc
Alan;Masc
Alano;Masc
Alaor;Masc
Alapaki;Masc
Alarico;Masc
Alaúde;Masc
Albano;Masc
Albarino;Masc
Albatênio;Masc
Alberico;Masc
Albert;Masc
Albertino;Masc
Alberto;Masc
Albílio;Masc
Albino;Masc
Albion;Masc
Alboino;Masc
Albornoz;Masc
Albuim;Masc
Albuquerque;Masc
Alcandro;Masc
Alcebíades;Masc
Alcer;Masc
Alceste;Masc
Alceu;Masc
Alcião;Masc
Alcibíades;Masc
Alcidamo;Masc
Alcidano;Masc
Alcídes;Masc
Alcido;Masc
Alcímene;Masc
Alcindo;Masc
Alcino;Masc
Alcioneu;Masc
Álcis;Masc
Aldegunde;Masc
Aldemiro;Masc
Alderico;Masc
Aldir;Masc
Aldo;Masc
Aldomiro;Masc
Aldonca;Masc
Aleardo;Masc
Alebion;Masc
Alec;Masc
Alécio;Masc
Aleixo;Masc
Alejandro;Masc
Alencar;Masc
Alencastro;Masc
Aleo;Masc
Alepeleko;Masc
Alessandro;Masc
Alex;Masc
Alexander;Masc
Alexandre;Masc
Alexandrino;Masc
Alexino;Masc
Alfa;Masc
Alfeno;Masc
Alfeu;Masc
Alfio;Masc
Alfonso;Masc
Alfred;Masc
Alfredo;Masc
Algar;Masc
Ali;Masc
Alienor;Masc
Alípio;Masc
Alírio;Masc
Alistair;Masc
Aliyah;Masc
Allan;Masc
Allan-Kardec;Masc
Almáquio;Masc
Almasor;Masc
Almeida;Masc
Almério;Masc
Almir;Masc
Almirante;Masc
Almiro;Masc
Aloís;Masc
Aloísio;Masc
Alonso;Masc
Altino;Masc
Aluísio;Masc
Álvaro;Masc
Amadeu;Masc
Amador;Masc
Amâncio;Masc
Amândio;Masc
Américo;Masc
Amiel;Masc
Amílcar;Masc
Amim;Masc
Amin;Masc
Amino;Masc
Amintas;Masc
Amintor;Masc
Amir;Masc
Amon;Masc
Amonati;Masc
Amorim;Masc
Amorreu;Masc
Amós;Masc
Amparo;Masc
Ampélio;Masc
Ampliato;Masc
Anacleto;Masc
Anacreonte;Masc
Anael;Masc
Anand;Masc
Anando;Masc
Ananias;Masc
Anápio;Masc
Anastácio;Masc
Anastasius;Masc
Anatole;Masc
Anatólio;Masc
Anaxágoras;Masc
Anaxarco;Masc
Anceu;Masc
Anchieta;Masc
Anco;Masc
Andersen;Masc
Anderson;Masc
Andócides;Masc
Andomar;Masc
Andrade;Masc
Andras;Masc
André;Masc
Andreoli;Masc
Andrew;Masc
Andreza;Masc
Andrômico;Masc
Andrônico;Masc
Andrzej;Masc
Anésio;Masc
Angélico;Masc
Ângelo;Masc
Aníbal;Masc
Aniceto;Masc
Anor;Masc
Anquises;Masc
Ansaldo;Masc
Ansberto;Masc
Anselm;Masc
Anselmino;Masc
Anselmo;Masc
Ansur;Masc
Antã;Masc
Antal;Masc
Antálcidas;Masc
Antão;Masc
Antar;Masc
Antelmo;Masc
Antêmio;Masc
Antenor;Masc
Antenore;Masc
Antero;Masc
Anteu;Masc
Anthony;Masc
Anticiro;Masc
Antídio;Masc
Antigowa;Masc
Antíloco;Masc
Antimáco;Masc
Antíoco;Masc
Antíope;Masc
Antípara;Masc
Antistenes;Masc
Antítio;Masc
Anto;Masc
Antoine;Masc
Anton;Masc
Antoniano;Masc
Antonin;Masc
Antonino;Masc
Antônio;Masc
Antunes;Masc
Anuar;Masc
Anúbis;Masc
Aodh;Masc
Aparecido;Masc
Aparício;Masc
Apeles;Masc
Apelis;Masc
Apício;Masc
Ápio;Masc
Apiúna;Masc
Apoema;Masc
Apoinar;Masc
Apolinaire;Masc
Apolinário;Masc
Apolínio;Masc
Apolino;Masc
Apollinairis;Masc
Apollinare;Masc
Apolline;Masc
Apollon;Masc
Apolo;Masc
Apolodoro;Masc
Apolônio;Masc
Apolonios;Masc
Aprígio;Masc
Apuana;Masc
Aquias;Masc
Aquilão;Masc
Áquilas;Masc
Aquiles;Masc
Aquílio;Masc
Aquino;Masc
Aracaê;Masc
Aracê;Masc
Aragão;Masc
Araguaci;Masc
Araguarino;Masc
Araí;Masc
Araíba;Masc
Araípe;Masc
Arajuba;Masc
Aramis;Masc
Aran;Masc
Arantes;Masc
Arão;Masc
Araponga;Masc
Arapuã;Masc
Araquém;Masc
Ararê;Masc
Arari;Masc
Araribóia;Masc
Araripe;Masc
Araruna;Masc
Aratama;Masc
Arati;Masc
Arátor;Masc
Araújo;Masc
Árcade;Masc
Arcádio;Masc
Arcângelo;Masc
Arco-Verde;Masc
Arden;Masc
Arduíno;Masc
Arésio;Masc
Argaios;Masc
Argemiro;Masc
Argentino;Masc
Argeu;Masc
Argos;Masc
Ari;Masc
Ariano;Masc
Ariberto;Masc
Ariel;Masc
Arildo;Masc
Arinos;Masc
Ário;Masc
Arion;Masc
Arionte;Masc
Ariosto;Masc
Ariovaldo;Masc
Aristágoras;Masc
Aristarco;Masc
Aristeu;Masc
Aristides;Masc
Aristóbulo;Masc
Aristócles;Masc
Aristodemo;Masc
Aristodemos;Masc
Aristófanes;Masc
Aristófilo;Masc
Aríston;Masc
Aristóteles;Masc
Arkadius;Masc
Arkell;Masc
Arlindo;Masc
Armand;Masc
Armando;Masc
Armênio;Masc
Armim;Masc
Armindo;Masc
Armínio;Masc
Arnaldo;Masc
Arnóbio;Masc
Arnoldo;Masc
Arnolfo;Masc
Arnon;Masc
Arns;Masc
Arnulfo;Masc
Aronne;Masc
Arouche;Masc
Arquelau;Masc
Arquibaldo;Masc
Arquimedes;Masc
Arrais;Masc
Arrigo;Masc
Arruda;Masc
Arsênio;Masc
Artêmio;Masc
Arthur;Masc
Artur;Masc
Arvídio;Masc
Ary;Masc
Asa;Masc
Asael;Masc
Asafe;Masc
Ascânio;Masc
Asdrúbal;Masc
Asenate;Masc
Asileu;Masc
Asma;Masc
Aspásio;Masc
Assaradon;Masc
Assis;Masc
Assuero;Masc
Assunção;Masc
Assur;Masc
Astaroth;Masc
Astêmio;Masc
Aster;Masc
Astor;Masc
Astrid;Masc
Astride;Masc
Astrogildo;Masc
Ataíde;Masc
Átalo;Masc
Atamante;Masc
Atanagildo;Masc
Atanásio;Masc
Ataulfo;Masc
Ateneu;Masc
Athos;Masc
Atiço;Masc
Átila;Masc
Atílio;Masc
Átis;Masc
Atlas;Masc
Atos;Masc
Atreu;Masc
Augustine;Masc
Augustinho;Masc
Augusto;Masc
Aukanaii;Masc
Aureliano;Masc
Aurélio;Masc
Áureo;Masc
Aury;Masc
Austregésilo;Masc
Avaré;Masc
Avati;Masc
Avelar;Masc
Ávila;Masc
Avis;Masc
Axel;Masc
Ayala;Masc
Ayrton;Masc
Azael;Masc
Azair;Masc
Azarias;Masc
Azevedo;Masc
Azim;Masc
Aziz;Masc
Bacelar;Masc
Bachir;Masc
Bachmann;Masc
Backer;Masc
Baco;Masc
Bacuara;Masc
Badi;Masc
Badin;Masc
Bádui;Masc
Baependi;Masc
Bagé;Masc
Bahman;Masc
Baiardo;Masc
Bailey;Masc
Baio;Masc
Balaão;Masc
Balbílio;Masc
Balbino;Masc
Balbo;Masc
Balboa;Masc
Bálder;Masc
Balderico;Masc
Baldo;Masc
Baldomar;Masc
Baldomero;Masc
Baldovino;Masc
Balduíno;Masc
Baldwin;Masc
Baleo;Masc
Balster;Masc
Baltar;Masc
Baltasar;Masc
Baltazar;Masc
Barac;Masc
Baraquias;Masc
Barbacena;Masc
Barcelos;Masc
Bark;Masc
Barnabas;Masc
Barnabé;Masc
Barnaby;Masc
Barney;Masc
Baron;Masc
Barreiros;Masc
Barsaré;Masc
Bart;Masc
Bartinik;Masc
Bartolo;Masc
Bartolomeu;Masc
Baruc;Masc
Baruque;Masc
Basil;Masc
Basileu;Masc
Basiliano;Masc
Basilides;Masc
Basilindo;Masc
Basilino;Masc
Basílio;Masc
Bastos;Masc
Batimeu;Masc
Batista;Masc
Batistino;Masc
Batuel;Masc
Bayer;Masc
Beaulah;Masc
Becker;Masc
Behael;Masc
Belami;Masc
Belamino;Masc
Belamiro;Masc
Belarmino;Masc
Belcanto;Masc
Belerofonte;Masc
Bélgio;Masc
Belisário;Masc
Belmiro;Masc
Belmonte;Masc
Belquir;Masc
Belquis;Masc
Beltrão;Masc
Ben;Masc
Ben-Hur;Masc
Benami;Masc
Benedito;Masc
Benevenuto;Masc
Benevolo;Masc
Bengt;Masc
Benício;Masc
Benigno;Masc
Benito;Masc
Benjamim;Masc
Benoit;Masc
Benoni;Masc
Bensabat;Masc
Benson;Masc
Bentes;Masc
Bento;Masc
Benvindo;Masc
Beoto;Masc
Beraldo;Masc
Berardo;Masc
Berengar;Masc
Berghaman;Masc
Berílio;Masc
Berilo;Masc
Bermondo;Masc
Bernardo;Masc
Bertagnoli;Masc
Bertário;Masc
Berthold;Masc
Bertino;Masc
Berto;Masc
Bertoldo;Masc
Bertoli;Masc
Bertolino;Masc
Bertram;Masc
Bertrando;Masc
Beulah;Masc
Bianor;Masc
Biara;Masc
Bill;Masc
Binder;Masc
Birigui;Masc
Biron;Masc
Bismark;Masc
Bispo;Masc
Bitencourt;Masc
Blandino;Masc
Blando;Masc
Bloch;Masc
Bob;Masc
Bogdan;Masc
Bogdana;Masc
Bogumil;Masc
Boiardo;Masc
Bolívar;Masc
Bonifácio;Masc
Bonifante;Masc
Bonjy;Masc
Borghild;Masc
Bóris;Masc
Borislav;Masc
Bosco;Masc
Bourbon;Masc
Boyd;Masc
Bran;Masc
Branco;Masc
Brandão;Masc
Brandon;Masc
Brás;Masc
Brasília;Masc
Brasiliano;Masc
Brenho;Masc
Breno;Masc
Bretãs;Masc
Brian;Masc
Briaréu;Masc
Brício;Masc
Brígido;Masc
Briseu;Masc
Bristol;Masc
Brito;Masc
Brizola;Masc
Brochado;Masc
Bromberg;Masc
Bronwen;Masc
Brook;Masc
Brooke;Masc
Bruno;Masc
Brunot;Masc
Brunswichk;Masc
Bryan;Masc
Bud;Masc
Bueno;Masc
Burnier;Masc
Burton;Masc
Busmeyer;Masc
Byron;Masc
Cabral;Masc
Cabuçu;Masc
Caco;Masc
Cadmo;Masc
Caeculus;Masc
Caetano;Masc
Caíco;Masc
Caim;Masc
Caio;Masc
Caíque;Masc
Caiuá;Masc
Caiubi;Masc
Cajuru;Masc
Calais;Masc
Cálamo;Masc
Calcante;Masc
Caleb;Masc
Caled;Masc
Calídno;Masc
Calígula;Masc
Calino;Masc
Calisto;Masc
Calistrato;Masc
Calvin;Masc
Calvino;Masc
Cam;Masc
Camarão;Masc
Camel;Masc
Camilo;Masc
Camiro;Masc
Campesino;Masc
Camron;Masc
Candido;Masc
Cândole;Masc
Canindé;Masc
Canuto;Masc
Caoilainn;Masc
Cáon;Masc
Capitolino;Masc
Caramuru;Masc
Carian;Masc
Carídoto;Masc
Cario;Masc
Carioca;Masc
Carlindo;Masc
Carlito;Masc
Carlo;Masc
Carlos;Masc
Carlos;Masc
Eduardo;Masc
Carlton;Masc
Carmeliano;Masc
Carmelo;Masc
Caronte;Masc
Carter;Masc
Casey;Masc
Casimir;Masc
Casimiro;Masc
Cásper;Masc
Cassiano;Masc
Cássio;Masc
Castilho;Masc
Casto;Masc
Cataldi;Masc
Catão;Masc
Catreu;Masc
Catulo;Masc
Cauã;Masc
Cauan;Masc
Caubi;Masc
Cauê;Masc
Cáulon;Masc
Caxambu;Masc
Cayres;Masc
Cecil;Masc
Ceciliano;Masc
Cecílio;Masc
Cécrops;Masc
Cedar;Masc
Cefas;Masc
Cefeu;Masc
Céleo;Masc
Celerino;Masc
Celestino;Masc
Célico;Masc
Celino;Masc
Célio;Masc
Celso;Masc
Ceneu;Masc
Cercion;Masc
César;Masc
Cesare;Masc
Cesarino;Masc
Céu;Masc
Cezar;Masc
Chaim;Masc
Chamberlaim;Masc
Chandler;Masc
Chang;Masc
Chantal;Masc
Charlton;Masc
Chelsea;Masc
Chermont;Masc
Chester;Masc
Chico;Masc
Chilon;Masc
Chris;Masc
Christer;Masc
Christian;Masc
Christofer;Masc
Chuck;Masc
Ciaran;Masc
Cícero;Masc
Cicreu;Masc
Cid;Masc
Cincinato;Masc
Cipriano;Masc
Cirano;Masc
Ciríaco;Masc
Cirilo;Masc
Cirineu;Masc
Ciro;Masc
Cisseu;Masc
Clâncio;Masc
Clancy;Masc
Clarêncio;Masc
Clark;Masc
Claudiano;Masc
Cláudino;Masc
Cláudio;Masc
Claudionor;Masc
Cláusio;Masc
Clayton;Masc
Cléber;Masc
Clemêncio;Masc
Clemente;Masc
Clementino;Masc
Cleodoro;Masc
Cleófas;Masc
Cleômedes;Masc
Cleon;Masc
Cleônides;Masc
Cleonie;Masc
Cleonte;Masc
Cléver;Masc
Climério;Masc
Clinton;Masc
Clístenes;Masc
Clito;Masc
Clodoaldo;Masc
Clodomiro;Masc
Clodoveu;Masc
Clodovil;Masc
Clodoviu;Masc
Clotário;Masc
Cloud;Masc
Clóvis;Masc
Cobi;Masc
Coimbra;Masc
Colatino;Masc
Cole;Masc
Collet;Masc
Colomano;Masc
Colombino;Masc
Colombo;Masc
Colton;Masc
Conrad;Masc
Conrado;Masc
Constante;Masc
Constantino;Masc
Contardo;Masc
Conte;Masc
Copérnico;Masc
Copreu;Masc
Cordato;Masc
Cordel;Masc
Corinto;Masc
Cornélio;Masc
Cosme;Masc
Cosmo;Masc
Couto;Masc
Crasso;Masc
Crisanto;Masc
Crisóstomo;Masc
Crispiano;Masc
Crispim;Masc
Crispin;Masc
Crispo;Masc
Cristiano;Masc
Cristino;Masc
Cristo;Masc
Cristóvão;Masc
Cupelo;Masc
Cupertino;Masc
Cupido;Masc
Curvelo;Masc
Custódio;Masc
Czeslaw;Masc
Daciano;Masc
Dácio;Masc
Dagmar;Masc
Dagoberto;Masc
Dagom;Masc
Dagomar;Masc
Daichi;Masc
Dalberto;Masc
Dalmácio;Masc
Dalmiro;Masc
Daltivo;Masc
Dalton;Masc
Damaceno;Masc
Damasceno;Masc
Damásio;Masc
Damaso;Masc
Damastor;Masc
Damiano;Masc
Damião;Masc
Dâmocles;Masc
Damon;Masc
Dan;Masc
Dânao;Masc
Daniel;Masc
Danilo;Masc
Dante;Masc
Danton;Masc
Danuto;Masc
Darcênio;Masc
Darceno;Masc
Darci;Masc
Dárcio;Masc
Dardeno;Masc
Darin;Masc
Dario;Masc
Darius;Masc
Daros;Masc
Darwin;Masc
Dáscilo;Masc
Davi;Masc
David;Masc
Davidson;Masc
Davino;Masc
Décio;Masc
Dédalo;Masc
Dedan;Masc
Deimos;Masc
Delano;Masc
Délfico;Masc
Delfim;Masc
Delfino;Masc
Délio;Masc
Delmar;Masc
Delmiro;Masc
Demarato;Masc
Demas;Masc
Demétrio;Masc
Demétrius;Masc
Demócrates;Masc
Demócrito;Masc
Dení;Masc
Deniel;Masc
Denilson;Masc
Denis;Masc
Denzel;Masc
Deocleciano;Masc
Deodato;Masc
Deodoro;Masc
Deolindo;Masc
Dercino;Masc
Derek;Masc
Desidério;Masc
Deus;Masc
Deusdedit;Masc
Dexter;Masc
Diaurum;Masc
Dib;Masc
Dick;Masc
Dickson;Masc
Dicteu;Masc
Dídimo;Masc
Diego;Masc
Diéneces;Masc
Dietrich;Masc
Dieudoneé;Masc
Dilan;Masc
Dilermando;Masc
Dimas;Masc
Dimitre;Masc
Dimitri;Masc
Dinarte;Masc
Dinis;Masc
Diniz;Masc
Dino;Masc
Diocleciano;Masc
Dioclécio;Masc
Diocles;Masc
Diógenes;Masc
Diogo;Masc
Diomar;Masc
Diomedes;Masc
Diomiro;Masc
Dion;Masc
Dionísio;Masc
Dioros;Masc
Dirceu;Masc
Divino;Masc
Djalma;Masc
Dmitry;Masc
Dobromil;Masc
Dolabela;Masc
Domênico;Masc
Domiciano;Masc
Domício;Masc
Domingos;Masc
Dominic;Masc
Donald;Masc
Donaldo;Masc
Donatello;Masc
Donatelo;Masc
Donatien;Masc
Donato;Masc
Donga;Masc
Doriano;Masc
Dóris;Masc
Dorival;Masc
Dorval;Masc
Doug;Masc
Douglas;Masc
Dourival;Masc
Draco;Masc
Dracon;Masc
Dragomir;Masc
Drímaco;Masc
Duane;Masc
Duarte;Masc
Duílio;Masc
Dulcídio;Masc
Duprat;Masc
Durand;Masc
Durval;Masc
Durvalino;Masc
Durward;Masc
Eácido;Masc
Eala;Masc
Eanes;Masc
Earl;Masc
Ébalo;Masc
Ébano;Masc
Ebenézer;Masc
Eberaldo;Masc
Ebert;Masc
Ebony;Masc
Ebraim;Masc
Eçapira;Masc
Ecleu;Masc
Eco;Masc
Edberto;Masc
Eddy;Masc
Edegar;Masc
Edemir;Masc
Eden;Masc
Éder;Masc
Éderson;Masc
Edésio;Masc
Edgar;Masc
Edgard;Masc
Edgardo;Masc
Edilberto;Masc
Edilson;Masc
Édipo;Masc
Ediseu;Masc
Edivaldo;Masc
Edmar;Masc
Edmarcio;Masc
Edmilson;Masc
Edmo;Masc
Edmond;Masc
Edmundo;Masc
Edno;Masc
Edoardo;Masc
Edom;Masc
Edson;Masc
Eduardo;Masc
Edvaldo;Masc
Edvino;Masc
Edward;Masc
Edwin;Masc
Edwino;Masc
Éfeso;Masc
Efraim;Masc
Efrém;Masc
Egbert;Masc
Egberto;Masc
Egeo;Masc
Egeu;Masc
Egídio;Masc
Égido;Masc
Egil;Masc
Eginardo;Masc
Egito;Masc
Égon;Masc
Ehu;Masc
Eidil;Masc
Eike;Masc
Einar;Masc
Eistein;Masc
Ekeka;Masc
Ekemona;Masc
Ekena;Masc
Ekewaka;Masc
Ekualo;Masc
Elá;Masc
Elam;Masc
Elato;Masc
Elder;Masc
Eldred;Masc
Eleakim;Masc
Eleanor;Masc
Eleazar;Masc
Eleonor;Masc
Eleotero;Masc
Eleutério;Masc
Elfort;Masc
Eli;Masc
Eliano;Masc
Eliaquim;Masc
Elias;Masc
Eliasoé;Masc
Elício;Masc
Elídio;Masc
Eliézer;Masc
Elifaz;Masc
Elígio;Masc
Elinor;Masc
Eliot;Masc
Elisário;Masc
Elise;Masc
Eliseu;Masc
Elísio;Masc
Eliú;Masc
Elmano;Masc
Elmar;Masc
Elmer;Masc
Elói;Masc
Elpenor;Masc
Elpídio;Masc
Elquenor;Masc
Élson;Masc
Elton;Masc
Elvino;Masc
Élvio;Masc
Elvis;Masc
Elzeário;Masc
Emanuel;Masc
Emarã;Masc
Emaré;Masc
Emerson;Masc
Emiliano;Masc
Emílio;Masc
Emir;Masc
Enarê;Masc
Encarnacion;Masc
Endi;Masc
Enéias;Masc
Enio;Masc
Eno;Masc
Enoque;Masc
Enos;Masc
Enrico;Masc
Enrique;Masc
Enzo;Masc
Epaminondas;Masc
Epêneto;Masc
Ephraim;Masc
Epi;Masc
Epícares;Masc
Epicasta;Masc
Epícuro;Masc
Epifânio;Masc
Epígone;Masc
Epimênides;Masc
Epitácio;Masc
Epíteto;Masc
Eraldo;Masc
Erard;Masc
Erardo;Masc
Erasmo;Masc
Erasto;Masc
Ercílio;Masc
Eriberto;Masc
Eric;Masc
Erick;Masc
Erico;Masc
Erik;Masc
Ermelindo;Masc
Ermenegildo;Masc
Ermínio;Masc
Ermírio;Masc
Ernâni;Masc
Ernest;Masc
Ernesto;Masc
Eros;Masc
Erval;Masc
Ervin;Masc
Ervino;Masc
Esaú;Masc
Escobar;Masc
Escolástico;Masc
Esculápio;Masc
Esdras;Masc
Esequiel;Masc
Esídio;Masc
Ésio;Masc
Esme;Masc
Esmond;Masc
Esmondo;Masc
Éson;Masc
Espártaco;Masc
Espedito;Masc
Esperidião;Masc
Essoby;Masc
Estácio;Masc
Estanislau;Masc
Estéfanas;Masc
Estefânio;Masc
Estéfano;Masc
Estélio;Masc
Estênio;Masc
Estentor;Masc
Estevan;Masc
Estevão;Masc
Esteves;Masc
Étel;Masc
Etelvino;Masc
Etevaldo;Masc
Ethan;Masc
Ethel;Masc
Éton;Masc
Ettore;Masc
Eucles;Masc
Euclides;Masc
Eudes;Masc
Eudorico;Masc
Eudoro;Masc
Eudóxio;Masc
Eufranor;Masc
Eufrásio;Masc
Eugênio;Masc
Eulálio;Masc
Euler;Masc
Eulino;Masc
Eumelo;Masc
Eumênes;Masc
Eumênis;Masc
Eunápio;Masc
Euquenor;Masc
Eurípedes;Masc
Euro;Masc
Eurodo;Masc
Eusébio;Masc
Eustáquio;Masc
Euterpe;Masc
Evaisto;Masc
Evaldo;Masc
Evandro;Masc
Evangelista;Masc
Evanildo;Masc
Evaristo;Masc
Everaldo;Masc
Everardo;Masc
Everton;Masc
Expedito;Masc
Ezequias;Masc
Ezequiel;Masc
Ézio;Masc
Fabian;Masc
Fabiano;Masc
Fábio;Masc
Fabrício;Masc
Fabrizio;Masc
Fadel;Masc
Faetonte;Masc
Fagundes;Masc
Fagundo;Masc
Fahir;Masc
Faiçal;Masc
Faith;Masc
Faizel;Masc
Fajardo;Masc
Falcão;Masc
Fanor;Masc
Faon;Masc
Farell;Masc
Farid;Masc
Fáris;Masc
Faros;Masc
Faruk;Masc
Fascínio;Masc
Fátuo;Masc
Fauno;Masc
Faustino;Masc
Fausto;Masc
Fáustolo;Masc
Fauzi;Masc
Favorino;Masc
Fayard;Masc
Febo;Masc
Fedalto;Masc
Fedato;Masc
Federigo;Masc
Fedon;Masc
Fedro;Masc
Fegeu;Masc
Feital;Masc
Feitosa;Masc
Felênio;Masc
Feliciano;Masc
Felício;Masc
Felipe;Masc
Felisbelo;Masc
Felisberto;Masc
Felismino;Masc
Félix;Masc
Fenaio;Masc
Fênix;Masc
Ferdinando;Masc
Féres;Masc
Fergus;Masc
Fernandes;Masc
Fernandino;Masc
Fernando;Masc
Fernão;Masc
Feron;Masc
Ferraz;Masc
Festo;Masc
Fiácrio;Masc
Fidel;Masc
Fidélio;Masc
Fidélis;Masc
Fidêncio;Masc
Fídias;Masc
Fídio;Masc
Fido;Masc
Filareto;Masc
Filéas;Masc
Filêmon;Masc
Fileto;Masc
Filiberto;Masc
Filinto;Masc
Filipe;Masc
Filodemo;Masc
Filogônio;Masc
Filomeno;Masc
Finéas;Masc
Fingal;Masc
Firminiano;Masc
Firmino;Masc
Firmo;Masc
Flabela;Masc
Flamínio;Masc
Flausino;Masc
Flaviano;Masc
Flávio;Masc
Fleur;Masc
Fleury;Masc
Florêncio;Masc
Florentino;Masc
Florestano;Masc
Florian;Masc
Floriano;Masc
Floro;Masc
Floyd;Masc
Flynn;Masc
Fonseca;Masc
Fontes;Masc
Fontoura;Masc
Forel;Masc
Fortuna;Masc
Fortunato;Masc
Fóster;Masc
Fox;Masc
Frabriciano;Masc
Fradique;Masc
Fragoso;Masc
Francelino;Masc
Francesco;Masc
Francílio;Masc
Francisco;Masc
Franclim;Masc
Franco;Masc
François;Masc
Frank;Masc
Franklin;Masc
Frans;Masc
Frederico;Masc
Freja;Masc
Friederike;Masc
Fritz;Masc
Frontin;Masc
Frôntis;Masc
Frutuoso;Masc
Fuad;Masc
Fulton;Masc
Fúlvio;Masc
Furlan;Masc
Gabínio;Masc
Gabor;Masc
Gabriel;Masc
Gábrio;Masc
Gad;Masc
Gadi;Masc
Gaditano;Masc
Gael;Masc
Gago;Masc
Gaio;Masc
Galates;Masc
Galdino;Masc
Galeno;Masc
Galeso;Masc
Galhardo;Masc
Galieno;Masc
Galileo;Masc
Galileu;Masc
Galvão;Masc
Galvino;Masc
Gamaliel;Masc
Gamarra;Masc
Gandolfo;Masc
Ganimedes;Masc
Garib;Masc
Garibaldi;Masc
Garnet;Masc
Garnier;Masc
Garret;Masc
Garrido;Masc
Garth;Masc
Gary;Masc
Gaspar;Masc
Gastão;Masc
Gaudêncio;Masc
Gaylord;Masc
Gedão;Masc
Gedeão;Masc
Gelmires;Masc
Geminiano;Masc
Genaro;Masc
Genciano;Masc
Generoso;Masc
Genésio;Masc
Genival;Masc
Genivaldo;Masc
Gentil;Masc
Geoffrey;Masc
Georg;Masc
Geórge;Masc
Georges;Masc
Geovane;Masc
Geraldino;Masc
Geraldo;Masc
Gerardo;Masc
Gerd;Masc
Geremaro;Masc
Gerhard;Masc
Gerião;Masc
Gerin;Masc
Germain;Masc
Germano;Masc
Gerôncio;Masc
Gérson;Masc
Gertraud;Masc
Gervásio;Masc
Gesuíno;Masc
Getúlio;Masc
Giacomo;Masc
Gibrail;Masc
Giglio;Masc
Gilberto;Masc
Gildo;Masc
Giles;Masc
Gilmar;Masc
Gílson;Masc
Giovanni;Masc
Glicério;Masc
Godofredo;Masc
Goiás;Masc
Goldman;Masc
Golias;Masc
Gomer;Masc
Gomes;Masc
Gonçalo;Masc
Górki;Masc
Gotardo;Masc
Goulard;Masc
Goulart;Masc
Graciliano;Masc
Gracílio;Masc
Gracinaldo;Masc
Gracindo;Masc
Graciniato;Masc
Graco;Masc
Grajaú;Masc
Gratiano;Masc
Graziano;Masc
Gregor;Masc
Gregório;Masc
Grimaldi;Masc
Grino;Masc
Guaçu;Masc
Gualberto;Masc
Guálter;Masc
Gualtiero;Masc
Guarani;Masc
Guayi;Masc
Guerino;Masc
Guido;Masc
Guilherme;Masc
Gumercindo;Masc
Gumersindo;Masc
Gunda;Masc
Gunter;Masc
Gurgel;Masc
Gurinhém;Masc
Gustavo;Masc
Guto;Masc
Halehale;Masc
Halevi;Masc
Haley;Masc
Hálim;Masc
Hamid;Masc
Hamilcar;Masc
Hamilton;Masc
Hamish;Masc
Hamlet;Masc
Hamon;Masc
Hanauhou;Masc
Haníbal;Masc
Haniel;Masc
Hannibal;Masc
Hanom;Masc
Hanon;Masc
Hans;Masc
Harahel;Masc
Hardy;Masc
Harmon;Masc
Harold;Masc
Haroldo;Masc
Harriet;Masc
Harrison;Masc
Harrisson;Masc
Harry;Masc
Hartmut;Masc
Hartwig;Masc
Hasan;Masc
Haskel;Masc
Hassan;Masc
Hathor;Masc
Hauolimau;Masc
Havilah;Masc
Hayato;Masc
Hayden;Masc
Hazel;Masc
Haziel;Masc
Heather;Masc
Hêber;Masc
Hector;Masc
Hedi;Masc
Heidrun;Masc
Heiko;Masc
Heinz;Masc
Heitor;Masc
Heládio;Masc
Hélder;Masc
Heleno;Masc
Helge;Masc
Heli;Masc
Heliberto;Masc
Hélio;Masc
Helmut;Masc
Helotes;Masc
Hemetério;Masc
Henderson;Masc
Henele;Masc
Heneliaka;Masc
Henoheno;Masc
Henoque;Masc
Henri;Masc
Henrike;Masc
Henrique;Masc
Henry;Masc
Héracles;Masc
Heráclio;Masc
Heráclito;Masc
Hercílio;Masc
Herculano;Masc
Hércules;Masc
Herman;Masc
Hermano;Masc
Hermenegildo;Masc
Hermes;Masc
Hermeto;Masc
Hermine;Masc
Hermínio;Masc
Hermógenes;Masc
Hermon;Masc
Herodes;Masc
Herodião;Masc
Heródoto;Masc
Heron;Masc
Heros;Masc
Hersílio;Masc
Hidalgo;Masc
Hidetaka;Masc
Hiero;Masc
Hiérocles;Masc
Higino;Masc
Hilal;Masc
Hilário;Masc
Hilbert;Masc
Hildeberto;Masc
Hildebrando;Masc
Hildefonso;Masc
Hilderico;Masc
Hílton;Masc
Himeneu;Masc
Himineu;Masc
Hipólito;Masc
Hirá;Masc
Hiram;Masc
Hiran;Masc
Hiroíto;Masc
Hiroki;Masc
Hirônides;Masc
Hiroshi;Masc
Hisíodo;Masc
Hogo;Masc
Hoirandí;Masc
Hokuokekai;Masc
Homero;Masc
Hong;Masc
Honorato;Masc
Honorino;Masc
Honório;Masc
Horácio;Masc
Hormênio;Masc
Horst;Masc
Hortênsio;Masc
Horton;Masc
Hubert;Masc
Huberto;Masc
Hugh;Masc
Hugo;Masc
Humberto;Masc
Hunter;Masc
Hur;Masc
Hurassí;Masc
Iaco;Masc
Iago;Masc
Iakopa;Masc
Iamana;Masc
Íamo;Masc
Ian;Masc
Iataí;Masc
Ibá;Masc
Ibacém;Masc
Ibanêz;Masc
Ibaque;Masc
Ibaré;Masc
Ibaté;Masc
Iberê;Masc
Ibiaçu;Masc
Ibiraci;Masc
Ibirajá;Masc
Ibirajara;Masc
Ibiri;Masc
Ibrahim;Masc
Ibraim;Masc
Ibura;Masc
Icanor;Masc
Icário;Masc
Ícaro;Masc
Icém;Masc
Icer;Masc
Ichiro;Masc
Icílio;Masc
Icrá;Masc
Ictino;Masc
Idalino;Masc
Idálio;Masc
Idário;Masc
Idmon;Masc
Idomeneu;Masc
Idomeu;Masc
Idril;Masc
Ifigênio;Masc
Igaci;Masc
Igapi;Masc
Iglesias;Masc
Igor;Masc
Iguaçu;Masc
Iguatemi;Masc
Ihilane;Masc
Ihilani;Masc
Ikaika;Masc
Ilah;Masc
Ildefonso;Masc
Ilo;Masc
Iluminato;Masc
Imael;Masc
Imamaiah;Masc
Inácio;Masc
Inalécio;Masc
Inandê;Masc
Inca;Masc
Ingo;Masc
Ingomar;Masc
Inocêncio;Masc
Ioshua;Masc
Ipojuca;Masc
Ipupiara;Masc
Iraê;Masc
Iramaia;Masc
Irapuã;Masc
Ireneu;Masc
Irineu;Masc
Iriri;Masc
Irving;Masc
Isaac;Masc
Isaía;Masc
Isaiah;Masc
Isaías;Masc
Isao;Masc
Isaque;Masc
Isar;Masc
Isauro;Masc
Iseu;Masc
Isidoro;Masc
Isidro;Masc
Ismael;Masc
Ismail;Masc
Ismênio;Masc
Isnar;Masc
Isnardo;Masc
Israel;Masc
Itabira;Masc
Ítaco;Masc
Itagiba;Masc
Itajuí;Masc
Ítalo;Masc
Itamar;Masc
Itambé;Masc
Itapoã;Masc
Itápolis;Masc
Itatiba;Masc
Itaú;Masc
Itono;Masc
Itubore;Masc
Ituriel;Masc
Ivã;Masc
Ivaí;Masc
Ivair;Masc
Ivaldir;Masc
Ivan;Masc
Ivanhoé;Masc
Ivo;Masc
Ivor;Masc
Iwin;Masc
Izolino;Masc
Jabel;Masc
Jabino;Masc
Jaboatão;Masc
Jabriel;Masc
Jabril;Masc
Jacicoê;Masc
Jaciendi;Masc
Jacimira;Masc
Jacinir;Masc
Jacinto;Masc
Jacir;Masc
Jackson;Masc
Jacó;Masc
Jacob;Masc
Jacome;Masc
Jácomo;Masc
Jacques;Masc
Jacqui;Masc
Jáder;Masc
Jadon;Masc
Jael;Masc
Jafar;Masc
Jafé;Masc
Jafet;Masc
Jaguar;Masc
Jaime;Masc
Jair;Masc
Jaire;Masc
Jairo;Masc
Jakob;Masc
Jamal;Masc
James;Masc
Jamil;Masc
Jandir;Masc
Jango;Masc
Jânio;Masc
Jannike;Masc
Jano;Masc
Januário;Masc
Jáper;Masc
Jaque;Masc
Jaques;Masc
Jaqui;Masc
Jarbas;Masc
Jardano;Masc
Jardel;Masc
Jardine;Masc
Jared;Masc
Jarede;Masc
Jari;Masc
Jaromir;Masc
Jarvis;Masc
Jasão;Masc
Jásper;Masc
Jati;Masc
Jatir;Masc
Javaé;Masc
Javan;Masc
Javano;Masc
Javé;Masc
Javier;Masc
Jaziel;Masc
Jean;Masc
Jecabebe;Masc
Jefferson;Masc
Jeffrey;Masc
Jens;Masc
Jeová;Masc
Jepiara;Masc
Jeremiah;Masc
Jeremias;Masc
Jerônimo;Masc
Jessé;Masc
Jesuíno;Masc
Jesus;Masc
Jetro;Masc
Jewel;Masc
Jezabel;Masc
Jim;Masc
Jimy;Masc
Jin;Masc
Jó;Masc
Joabe;Masc
Joaci;Masc
Joamar;Masc
Joan;Masc
João;Masc
João;Masc
Gabriel;Masc
João;Masc
Maria;Masc
João;Masc
Paulo;Masc
João;Masc
Pedro;Masc
João;Masc
Victor;Masc
João;Masc
Vítor;Masc
Joaquim;Masc
Joatã;Masc
Jobim;Masc
Jóbson;Masc
Jocelim;Masc
Jocelin;Masc
Jocelyn;Masc
Joel;Masc
Joelle;Masc
Joh;Masc
John;Masc
Joly;Masc
Jona;Masc
Jonas;Masc
Jônatas;Masc
Jonathan;Masc
Jônio;Masc
Jordano;Masc
Jordão;Masc
Jorge;Masc
Jorgen;Masc
Jorie;Masc
Jório;Masc
Josafá;Masc
José;Masc
José;Masc
Maria;Masc
Josemar;Masc
Joseph;Masc
Joshua;Masc
Josiah;Masc
Josias;Masc
Josué;Masc
Jouvin;Masc
Joviano;Masc
Jovino;Masc
Jovito;Masc
Juaci;Masc
Juacir;Masc
Juan;Masc
Juarez;Masc
Jubal;Masc
Juca;Masc
Judá;Masc
Judas;Masc
Tadeu;Masc
Juliano;Masc
Júlio;Masc
Júlio;Masc
César;Masc
Júnio;Masc
Júnior;Masc
Juno;Masc
Jupi;Masc
Júpiter;Masc
Juraci;Masc
Jurandir;Masc
Jurecê;Masc
Juscelino;Masc
Justiniano;Masc
Justino;Masc
Justo;Masc
Justus;Masc
Juvenal;Masc
Juventino;Masc
Kaab;Masc
Kaakakona;Masc
Kabir;Masc
Kai;Masc
Kaia;Masc
Kailola;Masc
Kaio;Masc
Kaique;Masc
Kakali;Masc
Kala;Masc
Kalawina;Masc
Kale;Masc
Kaled;Masc
Kaleo;Masc
Kalil;Masc
Kaloka;Masc
Kaluanã;Masc
Kamadeva;Masc
Kamadewa;Masc
Kamal;Masc
Kamala;Masc
Kamby;Masc
Kameahookohoia;Masc
Kamona;Masc
Kamuela;Masc
Kana;Masc
Kanauã;Masc
Kane;Masc
Kaneki;Masc
Kaniela;Masc
Kanji;Masc
Kanope;Masc
Kapane;Masc
Kapila;Masc
Kara;Masc
Karan;Masc
Karl;Masc
Kaspar;Masc
Kassim;Masc
Katsuo;Masc
Kauã;Masc
Kauan;Masc
Kauê;Masc
Kazuaki;Masc
Kazumi;Masc
Kazuo;Masc
Keamuka;Masc
Keane;Masc
Kedar;Masc
Keefe;Masc
Keegan;Masc
Keenan;Masc
Keith;Masc
Kelvin;Masc
Kemp;Masc
Ken;Masc
Kenana;Masc
Kendall;Masc
Kenichi;Masc
Kenjiro;Masc
Kennedy;Masc
Kenneth;Masc
Kenrick;Masc
Kent;Masc
Kentaro;Masc
Kento;Masc
Keokolo;Masc
Keopele;Masc
Kermit;Masc
Kerry;Masc
Kevin;Masc
Khalil;Masc
Khuri;Masc
Kieran;Masc
Kiichi;Masc
Kiliano;Masc
Killian;Masc
Kimball;Masc
Kimberley;Masc
Kimo;Masc
Kinderman;Masc
King;Masc
Kini;Masc
Kirk;Masc
Klaus;Masc
Kléber;Masc
Knox;Masc
Knut;Masc
Koch;Masc
Koji;Masc
Kola;Masc
Kolomona;Masc
Koma;Masc
Konder;Masc
Koni;Masc
Konrad;Masc
Kotaro;Masc
Kremer;Masc
Kriger;Masc
Krigor;Masc
Kristofer;Masc
Kuri;Masc
Kurt;Masc
Kyle;Masc
Kylie;Masc
Labão;Masc
Labério;Masc
Lacedêmon;Masc
Lacínio;Masc
Lácio;Masc
Lacirandy;Masc
Ladão;Masc
Ladário;Masc
Ladislas;Masc
Ladislau;Masc
Laércio;Masc
Laerte;Masc
Lahanau;Masc
Lahetô;Masc
Laio;Masc
Lair;Masc
Lake;Masc
Lalela;Masc
Lalepa;Masc
Lali;Masc
Lalo;Masc
Lamaki;Masc
Lamar;Masc
Lambert;Masc
Lamberto;Masc
Lamech;Masc
Lameque;Masc
Lanakala;Masc
Lancelot;Masc
Landim;Masc
Landolfo;Masc
Laoconte;Masc
Laodâmia;Masc
Laódice;Masc
Lapa;Masc
Larry;Masc
Lars;Masc
Latino;Masc
Laudálio;Masc
Laudelino;Masc
Laudemir;Masc
Laudo;Masc
Laureano;Masc
Laurel;Masc
Lauren;Masc
Laurence;Masc
Laurêncio;Masc
Laurent;Masc
Laurentine;Masc
Lauriano;Masc
Laurino;Masc
Lauro;Masc
Laval;Masc
Lavínio;Masc
Lázaro;Masc
Leagro;Masc
Leal;Masc
Leander;Masc
Leandro;Masc
Lee;Masc
Lélio;Masc
Lemoine;Masc
Lemuel;Masc
Lênis;Masc
Lenore;Masc
Leo;Masc
Leocádia;Masc
Leodônia;Masc
Leon;Masc
Leonardo;Masc
Leôncio;Masc
Leonel;Masc
Leonídio;Masc
Leonie;Masc
Leonildes;Masc
Leopoldino;Masc
Leopoldo;Masc
Lépido;Masc
Leri;Masc
Leroy;Masc
Leto;Masc
Leuce;Masc
Leupena;Masc
Levi;Masc
Levindo;Masc
Liadan;Masc
Libânio;Masc
Liberato;Masc
Liberatore;Masc
Libório;Masc
Lício;Masc
Ligório;Masc
Likeke;Masc
Lineu;Masc
Lino;Masc
Linus;Masc
Lionel;Masc
Liouba;Masc
Lisarte;Masc
Lísias;Masc
Lísis;Masc
Livino;Masc
Lívio;Masc
Lokelika;Masc
Lokene;Masc
Lokine;Masc
Lombardi;Masc
Lopaka;Masc
Lopine;Masc
Lorenzo;Masc
Lorésio;Masc
Loreto;Masc
Lóris;Masc
Lot;Masc
Loteno;Masc
Lótus;Masc
Louis;Masc
Lourenço;Masc
Lourival;Masc
Luan;Masc
Lubomir;Masc
Lubomira;Masc
Luca;Masc
Lucas;Masc
Lucca;Masc
Luciano;Masc
Lúcio;Masc
Lucíolo;Masc
Lucrécio;Masc
Ludgero;Masc
Ludolfo;Masc
Ludovico;Masc
Luí;Masc
Luigi;Masc
Luís;Masc
Luiz;Masc
Lupércio;Masc
Lupicínio;Masc
Lutero;Masc
Luther;Masc
Maarten;Masc
Mab;Masc
Mabel;Masc
Mac;Masc
Macaon;Masc
Macário;Masc
Macedon;Masc
Macedônio;Masc
Maceió;Masc
Macenas;Masc
Machiavel;Masc
Maciel;Masc
Macrino;Masc
Macunaíma;Masc
Máder;Masc
Madge;Masc
Maedra;Masc
Magalhães;Masc
Magdala;Masc
Magé;Masc
Maggy;Masc
Magino;Masc
Magno;Masc
Magnus;Masc
Mahafara;Masc
Mahara;Masc
Mahasiah;Masc
Maia;Masc
Máicol;Masc
Maicon;Masc
Maikekai;Masc
Mair;Masc
Mairarê;Masc
Mairon;Masc
Majuí;Masc
Malaquias;Masc
Malcolm;Masc
Malque;Masc
Malquiel;Masc
Malu;Masc
Maluf;Masc
Malvino;Masc
Mamede;Masc
Mamom;Masc
Manaoio;Masc
Manassés;Masc
Mâncio;Masc
Manes;Masc
Manfredo;Masc
Manoel;Masc
Manolo;Masc
Manon;Masc
Manrico;Masc
Mansur;Masc
Mantovani;Masc
Manu;Masc
Manualdo;Masc
Manuel;Masc
Manuku;Masc
Maomé;Masc
Maquiavel;Masc
Maranhão;Masc
Marani;Masc
Marathon;Masc
Marc;Masc
Marçal;Masc
Marceline;Masc
Marcelino;Masc
Marcelo;Masc
Marchand;Masc
Marchiori;Masc
Marcial;Masc
Marcílio;Masc
Márcio;Masc
Marcionilo;Masc
Marco;Masc
Marcolino;Masc
Marcondes;Masc
Marcos;Masc
Marcus;Masc
Marigold;Masc
Marinho;Masc
Marino;Masc
Marins;Masc
Mario;Masc
Marion;Masc
Marivaldo;Masc
Marlon;Masc
Marly;Masc
Marni;Masc
Maron;Masc
Marshal;Masc
Marsílio;Masc
Marte;Masc
Martim;Masc
Martiniano;Masc
Martino;Masc
Martins;Masc
Marvin;Masc
Matatias;Masc
Mater;Masc
Mateus;Masc
Matheus;Masc
Mathias;Masc
Matias;Masc
Matteo;Masc
Maturino;Masc
Matusalém;Masc
Matuzalém;Masc
Mauá;Masc
Mauarí;Masc
Mauliola;Masc
Maurice;Masc
Mauricí;Masc
Maurício;Masc
Maurílio;Masc
Maurizio;Masc
Mauro;Masc
Max;Masc
Maximiliano;Masc
Maximiniana;Masc
Maxine;Masc
Maxwel;Masc
Maya;Masc
Mayim;Masc
Mazagão;Masc
Mazagoua;Masc
Mazzaroti;Masc
Meakiai;Masc
Mebahel;Masc
Mecenas;Masc
Medardo;Masc
Meehiel;Masc
Megaron;Masc
Meir;Masc
Melahel;Masc
Melaneu;Masc
Melchior;Masc
Meliteu;Masc
Melito;Masc
Melo;Masc
Melquíades;Masc
Melquias;Masc
Melquior;Masc
Melquisedeque;Masc
Melvino;Masc
Menahem;Masc
Menandro;Masc
Mêncio;Masc
Mendel;Masc
Mendelson;Masc
Mendes;Masc
Meneceu;Masc
Menelau;Masc
Meneléu;Masc
Menescal;Masc
Mênfis;Masc
Menipo;Masc
Menon;Masc
Menotti;Masc
Mênphis;Masc
Mentor;Masc
Merle;Masc
Mérlin;Masc
Mérope;Masc
Messias;Masc
Métis;Masc
Micael;Masc
Micajah;Masc
Michael;Masc
Michel;Masc
Michelangelo;Masc
Midas;Masc
Miguel;Masc
Mikhail;Masc
Milan;Masc
Milano;Masc
Milcíades;Masc
Militão;Masc
Militino;Masc
Milton;Masc
Minerva;Masc
Miquéias;Masc
Mirno;Masc
Mirthes;Masc
Mirtis;Masc
Mirtos;Masc
Misael;Masc
Mitsrael;Masc
Mitzi;Masc
Mitzrael;Masc
Miyako;Masc
Mizael;Masc
Moacir;Masc
Moamede;Masc
Moara;Masc
Modestino;Masc
Modesto;Masc
Mohammad;Masc
Mohammed;Masc
Moi;Masc
Moisés;Masc
Moke;Masc
Mollie;Masc
Molly;Masc
Monoke;Masc
Montgomery;Masc
Mor;Masc
Moraes;Masc
Morais;Masc
Morales;Masc
Moreira;Masc
Morel;Masc
Morfeu;Masc
Morgan;Masc
Moritz;Masc
Morpheu;Masc
Morrice;Masc
Morris;Masc
Moses;Masc
Mota;Masc
Motta;Masc
Mourão;Masc
Mozar;Masc
Mozart;Masc
Muciano;Masc
Múcio;Masc
Munhoz;Masc
Munir;Masc
Muniz;Masc
Muriel;Masc
Murillo;Masc
Murilo;Masc
Mustafá;Masc
Naahman;Masc
Naam;Masc
Naamã;Masc
Naara;Masc
Nabal;Masc
Nabi;Masc
Nabih;Masc
Nabor;Masc
Nabucodonosor;Masc
Nadabe;Masc
Nadal;Masc
Náder;Masc
Nagibe;Masc
Nahan;Masc
Nahim;Masc
Nahum;Masc
Naim;Masc
Naindí;Masc
Naldo;Masc
Nanael;Masc
Naor;Masc
Napoleão;Masc
Narceu;Masc
Narcísio;Masc
Narciso;Masc
Nardini;Masc
Nardo;Masc
Nascimento;Masc
Násser;Masc
Natã;Masc
Natal;Masc
Natalício;Masc
Natalino;Masc
Natan;Masc
Natanael;Masc
Nataniel;Masc
Nathan;Masc
Natividade;Masc
Naum;Masc
Navito;Masc
Nazaré;Masc
Nazareh;Masc
Nazareno;Masc
Nazariel;Masc
Neal;Masc
Neandro;Masc
Neemias;Masc
Neftali;Masc
Nei;Masc
Neil;Masc
Neilson;Masc
Neimar;Masc
Neleu;Masc
Neli;Masc
Nélio;Masc
Nelson;Masc
Nemestrino;Masc
Nemias;Masc
Nemo;Masc
Neófito;Masc
Neomedes;Masc
Neon;Masc
Nereide;Masc
Nereu;Masc
Nero;Masc
Nery;Masc
Nestor;Masc
Neville;Masc
Névio;Masc
Newton;Masc
Ney;Masc
Neymar;Masc
Nicácio;Masc
Nicandro;Masc
Nicanor;Masc
Nicéforo;Masc
Nicholas;Masc
Nichole;Masc
Nick;Masc
Nico;Masc
Nicodemus;Masc
Nicol;Masc
Nicola;Masc
Nícolas;Masc
Nicolau;Masc
Nicolette;Masc
Nicolino;Masc
Nicomedes;Masc
Nídia;Masc
Niels;Masc
Nigel;Masc
Nikolai;Masc
Nikolas;Masc
Nil;Masc
Nildo;Masc
Nilo;Masc
Nílsen;Masc
Nilson;Masc
Nilton;Masc
Nimbus;Masc
Ninive;Masc
Nino;Masc
Nivaldo;Masc
Noah;Masc
Noé;Masc
Noel;Masc
Noela;Masc
Noêmio;Masc
Nohouka;Masc
Nolan;Masc
Nolana;Masc
Nolepeleko;Masc
Norberto;Masc
Noreen;Masc
Norris;Masc
Norton;Masc
Nowak;Masc
Núncio;Masc
Nuno;Masc
Nupeba;Masc
Nydia;Masc
Obádia;Masc
Obajara;Masc
Obdias;Masc
Obede;Masc
Obeíma;Masc
Oberico;Masc
Oberon;Masc
Oberto;Masc
Obiru;Masc
Obitã;Masc
Óbulo;Masc
Odair;Masc
Odaléia;Masc
Odara;Masc
Odélio;Masc
Odemar;Masc
Odemiro;Masc
Odenato;Masc
Odérico;Masc
Oderico;Masc
Odilardo;Masc
Odílio;Masc
Odilon;Masc
Odin;Masc
Odir;Masc
Odisseu;Masc
Odo;Masc
Odon;Masc
Odorico;Masc
Oduíno;Masc
Odulfo;Masc
Oduvaldo;Masc
Ofir;Masc
Ogden;Masc
Oholupalupa;Masc
Oivário;Masc
Ojibe;Masc
Oka;Masc
Oko;Masc
Oksana;Masc
Olavo;Masc
Olímpio;Masc
Oliveira;Masc
Olívio;Masc
Omã;Masc
Omar;Masc
Oméro;Masc
Onã;Masc
Ondina;Masc
Ondrej;Masc
Onélio;Masc
Onesíforo;Masc
Onésimo;Masc
Onésio;Masc
Onias;Masc
Onofre;Masc
Opira;Masc
Oquena;Masc
Oquira;Masc
Ordália;Masc
Orebe;Masc
Oren;Masc
Orestes;Masc
Orfeu;Masc
Oriba;Masc
Origenes;Masc
Oris;Masc
Orítia;Masc
Orlando;Masc
Ormeno;Masc
Ormeo;Masc
Orpheu;Masc
Orson;Masc
Ortigão;Masc
Osborn;Masc
Oscar;Masc
Oséias;Masc
Osias;Masc
Osírio;Masc
Osíris;Masc
Osman;Masc
Osmar;Masc
Osni;Masc
Osório;Masc
Osvaldo;Masc
Osvino;Masc
Oswald;Masc
Otacílio;Masc
Otávio;Masc
Otelo;Masc
Otílio;Masc
Oto;Masc
Oton;Masc
Otoniel;Masc
Otto;Masc
Ovid;Masc
Ovídio;Masc
Owen;Masc
Ozanan;Masc
Ozias;Masc
Oziel;Masc
Ozzy;Masc
Pablo;Masc
Pacaembú;Masc
Pace;Masc
Pacheco;Masc
Pacífico;Masc
Paco;Masc
Padilha;Masc
Padovani;Masc
Pádua;Masc
Paganini;Masc
Page;Masc
Paim;Masc
Paiva;Masc
Pakile;Masc
Paladino;Masc
Paládio;Masc
Palaka;Masc
Palakiko;Masc
Palamedes;Masc
Palas;Masc
Palatino;Masc
Palemon;Masc
Pali;Masc
Pálmer;Masc
Palmiro;Masc
Palona;Masc
Pancho;Masc
Pancrácio;Masc
Pandareu;Masc
Pandolfo;Masc
Pandoro;Masc
Pânfilo;Masc
Pantaleão;Masc
Pantoja;Masc
Paolo;Masc
Paquerer;Masc
Paquetá;Masc
Paracambi;Masc
Paraguaçu;Masc
Paranaguá;Masc
Paranhos;Masc
Paraopeba;Masc
Parati;Masc
Paraty;Masc
Parigot;Masc
Páris;Masc
Parísio;Masc
Parmênio;Masc
Parsifal;Masc
Partênope;Masc
Pascácio;Masc
Pascal;Masc
Pascoal;Masc
Pasini;Masc
Patrício;Masc
Patrick;Masc
Patrocles;Masc
Patsy;Masc
Paul;Masc
Paulino;Masc
Paulo;Masc
Pavel;Masc
Pavlo;Masc
Pavlov;Masc
Pedrinho;Masc
Pedrito;Masc
Pedro;Masc
Pedro;Masc
Henrique;Masc
Pedroso;Masc
Peixoto;Masc
Peke;Masc
Pelágio;Masc
Pelasco;Masc
Pelegrino;Masc
Pelópidas;Masc
Penafort;Masc
Penalvo;Masc
Penha;Masc
Pênia;Masc
Penrod;Masc
Perácio;Masc
Perato;Masc
Perci;Masc
Percival;Masc
Percy;Masc
Peregrino;Masc
Peres;Masc
Peresia;Masc
Perez;Masc
Pérgamo;Masc
Peri;Masc
Péricles;Masc
Periclésia;Masc
Perilo;Masc
Perito;Masc
Permínio;Masc
Pero;Masc
Perón;Masc
Perpétuo;Masc
Perseu;Masc
Perseveranda;Masc
Pérside;Masc
Peter;Masc
Petrarca;Masc
Petronílho;Masc
Petronilo;Masc
Petrônio;Masc
Petroski;Masc
Phelan;Masc
Phoebe;Masc
Piancó;Masc
Piaso;Masc
Piatã;Masc
Piedade;Masc
Piercarlo;Masc
Pierce;Masc
Pierluigi;Masc
Pierre;Masc
Pieter;Masc
Pietro;Masc
Pilatos;Masc
Pindara;Masc
Pio;Masc
Piovesan;Masc
Pirajá;Masc
Piraju;Masc
Pirene;Masc
Pires;Masc
Pisandro;Masc
Pitágoras;Masc
Pítane;Masc
Pitangui;Masc
Pítia;Masc
Placídio;Masc
Plácido;Masc
Platâo;Masc
Plauto;Masc
Plínio;Masc
Plutão;Masc
Plutarco;Masc
Políbio;Masc
Policarpo;Masc
Policleto;Masc
Polidoro;Masc
Polifemo;Masc
Polifeno;Masc
Polônio;Masc
Pompeu;Masc
Pompílio;Masc
Pôncio;Masc
Porã;Masc
Porfírio;Masc
Posseidon;Masc
Potengi;Masc
Potengy;Masc
Poti;Masc
Praxedes;Masc
Presley;Masc
Queirós;Masc
Quelidônio;Masc
Quental;Masc
Quentel;Masc
Quentin;Masc
Quércia;Masc
Quevedo;Masc
Quezia;Masc
Quincas;Masc
Quinn;Masc
Quintana;Masc
Quintanilha;Masc
Quintiliano;Masc
Quintilo;Masc
Quintino;Masc
Quintus;Masc
Quirino;Masc
Quiromeu;Masc
Quixote;Masc
Quodvultdeus;Masc
Quon;Masc
Quotar;Masc
Rá;Masc
Raban;Masc
Rabelo;Masc
Rachid;Masc
Radagásio;Masc
Radamanto;Masc
Radamés;Masc
Radomil;Masc
Radulfo;Masc
Rae;Masc
Raed;Masc
Rafael;Masc
Rafi;Masc
Rafiq;Masc
Raghu;Masc
Raguel;Masc
Raiane;Masc
Raiden;Masc
Raimondo;Masc
Raimundo;Masc
Rain;Masc
Raj;Masc
Raja;Masc
Ralph;Masc
Ramão;Masc
Ramiro;Masc
Ramon;Masc
Ramos;Masc
Ramsés;Masc
Ramsey;Masc
Ranald;Masc
Randall;Masc
Randolfo;Masc
Randy;Masc
Ranieri;Masc
Ranildo;Masc
Ranulfo;Masc
Raoni;Masc
Raoul;Masc
Raphael;Masc
Rasmussen;Masc
Raul;Masc
Raulino;Masc
Raven;Masc
Ravi;Masc
Raymond;Masc
Raynard;Masc
Reagan;Masc
Realengo;Masc
Rebelo;Masc
Reed;Masc
Reginaldo;Masc
Régis;Masc
Régulo;Masc
Reid;Masc
Reinaldo;Masc
Reinoldo;Masc
Relinde;Masc
Rembrandt;Masc
Remédios;Masc
Remi;Masc
Remiel;Masc
Remígio;Masc
Remo;Masc
Rêmulo;Masc
Remy;Masc
Ren;Masc
Renan;Masc
Renato;Masc
René;Masc
Renner;Masc
Retama;Masc
Reuben;Masc
Rex;Masc
Reynold;Masc
Rezon;Masc
Rhett;Masc
Rhodes;Masc
Rhonda;Masc
Rian;Masc
Ribamar;Masc
Ribas;Masc
Riberto;Masc
Ricardino;Masc
Ricardo;Masc
Richard;Masc
Rick;Masc
Rico;Masc
Rider;Masc
Rigoberto;Masc
Rigoleto;Masc
Rigotto;Masc
Riki;Masc
Rildo;Masc
Riley;Masc
Rinaldo;Masc
Rishon;Masc
Riva;Masc
Roald;Masc
Roaldo;Masc
Rob;Masc
Róbby;Masc
Robert;Masc
Roberto;Masc
Roberval;Masc
Robin;Masc
Robine;Masc
Róbinson;Masc
Roboão;Masc
Robson;Masc
Rockne;Masc
Rode;Masc
Rodel;Masc
Roderick;Masc
Rodérico;Masc
Rodger;Masc
Rodnei;Masc
Rodney;Masc
Rodolfo;Masc
Rodovaldo;Masc
Rodrigo;Masc
Rodusino;Masc
Roedel;Masc
Rogaciano;Masc
Rogato;Masc
Roger;Masc
Rogério;Masc
Rolando;Masc
Roldão;Masc
Rolf;Masc
Roman;Masc
Romano;Masc
Romão;Masc
Romário;Masc
Romeiro;Masc
Romeo;Masc
Romero;Masc
Romeu;Masc
Romildo;Masc
Romualdo;Masc
Rômulo;Masc
Ron;Masc
Ronald;Masc
Ronaldo;Masc
Ronan;Masc
Ronei;Masc
Roney;Masc
Ronildo;Masc
Ronny;Masc
Roque;Masc
Roquete;Masc
Roriz;Masc
Rosalvo;Masc
Rosamundo;Masc
Rosário;Masc
Rosendo;Masc
Ross;Masc
Rossi;Masc
Rossini;Masc
Rosvaldo;Masc
Roth;Masc
Rothes;Masc
Rovena;Masc
Rowan;Masc
Roxane;Masc
Roy;Masc
Rozamondo;Masc
Ruan;Masc
Rubem;Masc
Ruben;Masc
Rubens;Masc
Rudá;Masc
Rudolfo;Masc
Rufino;Masc
Rufo;Masc
Rufus;Masc
Rui;Masc
Ruperto;Masc
Rurik;Masc
Russell;Masc
Rutger;Masc
Rutílio;Masc
Ryan;Masc
Ryotaro;Masc
Saadi;Masc
Saavedra;Masc
Sabará;Masc
Sabatino;Masc
Sabázio;Masc
Sáber;Masc
Sabiano;Masc
Sabiniano;Masc
Sabino;Masc
Sachafer;Masc
Sadala;Masc
Sadi;Masc
Sadoque;Masc
Saião;Masc
Said;Masc
Saladino;Masc
Salatiel;Masc
Sales;Masc
Salgado;Masc
Saliba;Masc
Salim;Masc
Salmoneu;Masc
Salomão;Masc
Salomé;Masc
Salomón;Masc
Salustiano;Masc
Salústio;Masc
Salvador;Masc
Salvalus;Masc
Salvatore;Masc
Salviano;Masc
Sálvio;Masc
Sam;Masc
Samir;Masc
Sampaio;Masc
Sampson;Masc
Samson;Masc
Samuel;Masc
Sandoval;Masc
Sandro;Masc
Sansão;Masc
Sansone;Masc
Santiago;Masc
Santoro;Masc
Santos;Masc
Sarosh;Masc
Sartori;Masc
Sátiro;Masc
Satoru;Masc
Saturnino;Masc
Saturno;Masc
Saul;Masc
Saulo;Masc
Savedro;Masc
Savério;Masc
Savino;Masc
Scalco;Masc
Scherer;Masc
Schimidt;Masc
Schneider;Masc
Schubert;Masc
Schumacher;Masc
Scott;Masc
Seamus;Masc
Sean;Masc
Sebastian;Masc
Sebastião;Masc
Sedécias;Masc
Segismondo;Masc
Segismundo;Masc
Seiji;Masc
Seixas;Masc
Seleno;Masc
Selmiro;Masc
Sêmaco;Masc
Sêneca;Masc
Sepetiba;Masc
Serafim;Masc
Serafino;Masc
Serge;Masc
Sérgio;Masc
Serguei;Masc
Serrão;Masc
Sertório;Masc
Sérvio;Masc
Sérvulo;Masc
Set;Masc
Seth;Masc
Sétimo;Masc
Severiano;Masc
Severino;Masc
Severo;Masc
Sezefredo;Masc
Shai;Masc
Shakti;Masc
Shandar;Masc
Sheridan;Masc
Sherlock;Masc
Sheth;Masc
Shin;Masc
Shinichi;Masc
Shuichi;Masc
Sídnei;Masc
Sidney;Masc
Sidônio;Masc
Sigeberto;Masc
Sigefredo;Masc
Sigelinde;Masc
Sigismundo;Masc
Sigmar;Masc
Silas;Masc
Sileno;Masc
Silva;Masc
Silvano;Masc
Silvério;Masc
Silvester;Masc
Silvestre;Masc
Silvino;Masc
Sílvio;Masc
Símaco;Masc
Simão;Masc
Simas;Masc
Simeão;Masc
Simeon;Masc
Simôes;Masc
Simon;Masc
Simonette;Masc
Simonie;Masc
Simpliciano;Masc
Simplício;Masc
Sinclair;Masc
Sinead;Masc
Sinésio;Masc
Sinfrônio;Masc
Singer;Masc
Sínoe;Masc
Síntique;Masc
Sinval;Masc
Skipp;Masc
Sloan;Masc
Sócrates;Masc
Sófocles;Masc
Sofonias;Masc
Sofrônio;Masc
Solano;Masc
Soleon;Masc
Solimão;Masc
Solomão;Masc
Solomon;Masc
Sólon;Masc
Solveig;Masc
Sóstenes;Masc
Sotero;Masc
Spencer;Masc
Stanislau;Masc
Stanley;Masc
Stewart;Masc
Suleiman;Masc
Susumo;Masc
Sven;Masc
Sylvie;Masc
Tabajara;Masc
Tabor;Masc
Taciano;Masc
Taciguara;Masc
Tácio;Masc
Tácito;Masc
Tadeu;Masc
Tagar;Masc
Taiguara;Masc
Takafumi;Masc
Takashi;Masc
Takeshi;Masc
Talarico;Masc
Talbot;Masc
Tales;Masc
Tamandaré;Masc
Tamar;Masc
Tamuz;Masc
Tancredo;Masc
Tanja;Masc
Tansy;Masc
Tânuz;Masc
Tapira;Masc
Tapiraça;Masc
Taquaracê;Masc
Taras;Masc
Tarcão;Masc
Tarcísio;Masc
Tarquécio;Masc
Tarsílio;Masc
Tasso;Masc
Tatius;Masc
Tatsuo;Masc
Taú;Masc
Taufik;Masc
Taylor;Masc
Tebas;Masc
Teçá;Masc
Teçaberaba;Masc
Tecla;Masc
Tecoara;Masc
Tecobiara;Masc
Ted;Masc
Teddy;Masc
Telêmaco;Masc
Temão;Masc
Têmis;Masc
Tenório;Masc
Téo;Masc
Teobaldo;Masc
Teócrito;Masc
Teodomiro;Masc
Teodorico;Masc
Teodoro;Masc
Teodósio;Masc
Teófilo;Masc
Teógenes;Masc
Teotônio;Masc
Tercero;Masc
Tércio;Masc
Terence;Masc
Terêncio;Masc
Terênsis;Masc
Tersandro;Masc
Tersio;Masc
Tertuliano;Masc
Teseu;Masc
Theodore;Masc
Theodoro;Masc
Thiago;Masc
Thierry;Masc
Thomas;Masc
Thor;Masc
Tiago;Masc
Tibério;Masc
Tibiriça;Masc
Tibúrcio;Masc
Ticiano;Masc
Tilde;Masc
Tim;Masc
Timeu;Masc
Timeus;Masc
Timóteo;Masc
Timoteus;Masc
Tino;Masc
Tinoco;Masc
Tirso;Masc
Tissot;Masc
Tito;Masc
Toante;Masc
Tobias;Masc
Toby;Masc
Toledo;Masc
Tolmai;Masc
Tom;Masc
Tomás;Masc
Tomásio;Masc
Tomaso;Masc
Tomé;Masc
Tomer;Masc
Tommy;Masc
Tonho;Masc
Toni;Masc
Tony;Masc
Toriba;Masc
Torquato;Masc
Torrance;Masc
Tosin;Masc
Tovar;Masc
Trajano;Masc
Trevor;Masc
Trinidad;Masc
Tristão;Masc
Tufi;Masc
Túlio;Masc
Tupã;Masc
Turin;Masc
Uahoomanaokahaku;Masc
Ualri;Masc
Ubá;Masc
Ubajara;Masc
Ubaldo;Masc
Ubandara;Masc
Ubatã;Masc
Ubaúna;Masc
Uberaba;Masc
Ubirajara;Masc
Ubirani;Masc
Ubiratã;Masc
Uchoa;Masc
Udalrico;Masc
Ufente;Masc
Ugo;Masc
Uirandi;Masc
Ula;Masc
Ulando;Masc
Ulf;Masc
Ulísses;Masc
Ulpiano;Masc
Ulric;Masc
Ulva;Masc
Ulysses;Masc
Umar;Masc
Umbelino;Masc
Umberto;Masc
Ume;Masc
Undine;Masc
Únxia;Masc
Uólace;Masc
Upiara;Masc
Upira;Masc
Upton;Masc
Urânia;Masc
Urbano;Masc
Urbanus;Masc
Urias;Masc
Ursel;Masc
Urtigão;Masc
Ururaí;Masc
Uzi;Masc
Vadenberg;Masc
Vadim;Masc
Vagner;Masc
Valdec;Masc
Valdemar;Masc
Valdemiro;Masc
Valdir;Masc
Valdivino;Masc
Valdívio;Masc
Valdo;Masc
Valdomiro;Masc
Valêncio;Masc
Valentim;Masc
Valentin;Masc
Valentino;Masc
Valeriana;Masc
Valeriano;Masc
Valerie;Masc
Valério;Masc
Valfredo;Masc
Valmir;Masc
Valteno;Masc
Valter;Masc
Vanderlei;Masc
Vandique;Masc
Vehuiah;Masc
Venâncio;Masc
Venceslau;Masc
Venerando;Masc
Ventura;Masc
Venturada;Masc
Vergueiro;Masc
Veriano;Masc
Veríssimo;Masc
Vero;Masc
Vespasiano;Masc
Vesta;Masc
Viatã;Masc
Vicente;Masc
Vicenzo;Masc
Vicki;Masc
Victor;Masc
Victorine;Masc
Victorius;Masc
Vigílio;Masc
Vilalobos;Masc
Vilar;Masc
Vilarinho;Masc
Vilasboas;Masc
Vince;Masc
Vincent;Masc
Vinício;Masc
Vinícios;Masc
Vinícius;Masc
Violante;Masc
Violet;Masc
Virgil;Masc
Virgílio;Masc
Virgulino;Masc
Vital;Masc
Vitaliano;Masc
Vitoldo;Masc
Vítor;Masc
Vitório;Masc
Vittore;Masc
Vladimir;Masc
Vladislau;Masc
Vladislav;Masc
Volimar;Masc
Volker;Masc
Volúpia;Masc
Vonda;Masc
Vougan;Masc
Waclaw;Masc
Wady;Masc
Wagner;Masc
Waldir;Masc
Waldo;Masc
Waldrich;Masc
Walger;Masc
Wallace;Masc
Wallis;Masc
Walter;Masc
Walton;Masc
Waltrode;Masc
Wanderley;Masc
Wanderson;Masc
Wapasha;Masc
Ward;Masc
Warren;Masc
Washington;Masc
Wellerson;Masc
Wellington;Masc
Wendel;Masc
Wendler;Masc
Werner;Masc
Wesley;Masc
Weston;Masc
Wikoli;Masc
Wilfred;Masc
Wilian;Masc
William;Masc
Willian;Masc
Wilmar;Masc
Wilson;Masc
Wiltom;Masc
Wilton;Masc
Windsor;Masc
Winike;Masc
Winikeneke;Masc
Winston;Masc
Wolf;Masc
Wolfgang;Masc
Wolfran;Masc
Wunibald;Masc
Xadai;Masc
Xafic;Masc
Xafik;Masc
Xamã;Masc
Xande;Masc
Xandy;Masc
Xanthe;Masc
Xanthus;Masc
Xantipa;Masc
Xantipo;Masc
Xanto;Masc
Xarif;Masc
Xavier;Masc
Xenócrates;Masc
Xenofonte;Masc
Xenofontes;Masc
Xenos;Masc
Xereu;Masc
Xerxes;Masc
Xilon;Masc
Ximen;Masc
Ximenes;Masc
Xinavane;Masc
Xisto;Masc
Xoloni;Masc
Yacamin;Masc
Yachi;Masc
Yachne;Masc
Yago;Masc
Yahto;Masc
Yahya;Masc
Yair;Masc
Yakecan;Masc
Yale;Masc
Yan;Masc
Yancy;Masc
Yani;Masc
Yank;Masc
Yardley;Masc
Yasuhiko;Masc
Yates;Masc
Yehudi;Masc
Yente;Masc
Yentil;Masc
Yeray;Masc
Yerik;Masc
Yervant;Masc
Ygor;Masc
Yin;Masc
Yoshiaki;Masc
Youseef;Masc
Yule;Masc
Yure;Masc
Yuri;Masc
Yurio;Masc
Yves;Masc
Yvette;Masc
Yvon;Masc
Zabulão;Masc
Zacarias;Masc
Zaccheus;Masc
Zachary;Masc
Zaci;Masc
Zadeão;Masc
Zadoque;Masc
Zafriel;Masc
Zahi;Masc
Zahrah;Masc
Zaire;Masc
Zaki;Masc
Zalman;Masc
Zaltana;Masc
Zancheta;Masc
Zanchi;Masc
Zandoná;Masc
Zane;Masc
Zanetti;Masc
Zaniel;Masc
Zanini;Masc
Zaqueu;Masc
Zarão;Masc
Zarco;Masc
Zared;Masc
Zareh;Masc
Zarek;Masc
Zariel;Masc
Zattera;Masc
Zazu;Masc
Zebadiah;Masc
Zebilon;Masc
Zeca;Masc
Zed;Masc
Zedekiah;Masc
Zeferino;Masc
Zeki;Masc
Zélio;Masc
Zelotes;Masc
Zenas;Masc
Zenir;Masc
Zenite;Masc
Zeno;Masc
Zenóbio;Masc
Zenon;Masc
Zephan;Masc
Zerbini;Masc
Zeto;Masc
Zeus;Masc
Zev;Masc
Zilma;Masc
Zola;Masc
Zoroastro;Masc
Zózimo;Masc
Zuriel;Masc
Aagje;Fem
Aaliyah;Fem
Aaminah;Fem
Abá;Fem
Abana;Fem
Abati;Fem
Abayomi;Fem
Abdera;Fem
Abe;Fem
Abella;Fem
Abeona;Fem
Abigail;Fem
Abnara;Fem
Abra;Fem
Aca;Fem
Acácia;Fem
Acalântis;Fem
Aceí;Fem
Acemira;Fem
Achila;Fem
Acidália;Fem
Acilda;Fem
Acília;Fem
Acilina;Fem
Acindina;Fem
Acira;Fem
Acirema;Fem
Aclima;Fem
Actéia;Fem
Açucena;Fem
Ada;Fem
Adail;Fem
Adalbéria;Fem
Adalfreda;Fem
Adalfrida;Fem
Adalgisa;Fem
Adália;Fem
Adalina;Fem
Adalvina;Fem
Adalzira;Fem
Adamantina;Fem
Adameire;Fem
Adamina;Fem
Addae;Fem
Addolorata;Fem
Adela;Fem
Adelaide;Fem
Adele;Fem
Adelfa;Fem
Adélia;Fem
Adelina;Fem
Adeline;Fem
Adelita;Fem
Adelmarina;Fem
Adeona;Fem
Ádila;Fem
Adilah;Fem
Adília;Fem
Adina;Fem
Adira;Fem
Adisa;Fem
Adolfina;Fem
Adonaide;Fem
Adônica;Fem
Adora;Fem
Adorabela;Fem
Adoriabelle;Fem
Adorinda;Fem
Adosinda;Fem
Adozina;Fem
Adrastea;Fem
Adrastéia;Fem
Adriana;Fem
Adriane;Fem
Adriele;Fem
Adrienne;Fem
Aedona;Fem
Aegla;Fem
Aélia;Fem
Aeron;Fem
Aeropa;Fem
Afife;Fem
Afonsina;Fem
Afra;Fem
Afrodite;Fem
Agar;Fem
Ágata;Fem
Agathé;Fem
Agave;Fem
Ágda;Fem
Agenora;Fem
Aghata;Fem
Aglaê;Fem
Agláia;Fem
Agnata;Fem
Agnes;Fem
Agnese;Fem
Agnodice;Fem
Agostina;Fem
Agripa;Fem
Águeda;Fem
Aguilara;Fem
Ahsley;Fem
Aiça;Fem
Aída;Fem
Aidê;Fem
Aileen;Fem
Ailika;Fem
Ailina;Fem
Aima;Fem
Aimara;Fem
Aimê;Fem
Aimée;Fem
Aineki;Fem
Airetama;Fem
Aisha;Fem
Aisó;Fem
Aixa;Fem
Aiyra;Fem
Ajira;Fem
Ajyra;Fem
Akele;Fem
Akemi;Fem
Akeneki;Fem
Alaíde;Fem
Alaina;Fem
Alana;Fem
Alanis;Fem
Alarice;Fem
Alawara;Fem
Alba;Fem
Alberta;Fem
Albertina;Fem
Albina;Fem
Alcaçova;Fem
Alcântara;Fem
Alcídia;Fem
Alcina;Fem
Alcinda;Fem
Alcione;Fem
Alcipe;Fem
Alcmena;Fem
Alda;Fem
Aldaíra;Fem
Aldara;Fem
Alden;Fem
Alderita;Fem
Alderiva;Fem
Aldevina;Fem
Aldevira;Fem
Aldina;Fem
Aldora;Fem
Alécia;Fem
Alegria;Fem
Aléia;Fem
Aleit;Fem
Alejandra;Fem
Aleka;Fem
Alekena;Fem
Alekona;Fem
Aleluia;Fem
Alena;Fem
Alene;Fem
Alenica;Fem
Alepeka;Fem
Alesha;Fem
Alessa;Fem
Alessandra;Fem
Alessia;Fem
Alete;Fem
Alethea;Fem
Alethia;Fem
Alexa;Fem
Alexandra;Fem
Alexandrina;Fem
Alexia;Fem
Aliaá;Fem
Alice;Fem
Alícia;Fem
Alida;Fem
Alika;Fem
Alikia;Fem
Alilat;Fem
Alina;Fem
Aline;Fem
Alípia;Fem
Alíria;Fem
Alison;Fem
Alita;Fem
Allegra;Fem
Allende;Fem
Alma;Fem
Almada;Fem
Almara;Fem
Almeidna;Fem
Alméria;Fem
Almerinda;Fem
Almira;Fem
Aloá;Fem
Altéia;Fem
Altevira;Fem
Althaia;Fem
Althea;Fem
Altiva;Fem
Alvarenga;Fem
Alvina;Fem
Alvise;Fem
Alzira;Fem
Amabel;Fem
Amábile;Fem
Amabília;Fem
Amada;Fem
Amalberga;Fem
Amália;Fem
Amálie;Fem
Amalina;Fem
Amaltrudes;Fem
Amana;Fem
Amanacy;Fem
Amanara;Fem
Amanayara;Fem
Amanda;Fem
Amandina;Fem
Amandy;Fem
Amapola;Fem
Amara;Fem
Amary;Fem
Ambrogina;Fem
Ambrose;Fem
Ambrósia;Fem
Ambrosina;Fem
Amélia;Fem
Amena;Fem
América;Fem
Ameríndia;Fem
Amery;Fem
Ametista;Fem
Amícia;Fem
Amina;Fem
Aminda;Fem
Amira;Fem
Amósia;Fem
Amy;Fem
Ana;Fem
Ana;Fem
Augusta;Fem
Ana;Fem
Beatriz;Fem
Ana;Fem
Carla;Fem
Ana;Fem
Carolina;Fem
Ana;Fem
Clara;Fem
Ana;Fem
Cláudia;Fem
Ana;Fem
Cristina;Fem
Ana;Fem
Graciela;Fem
Ana;Fem
Júlia;Fem
Ana;Fem
Laura;Fem
Ana;Fem
Lúcia;Fem
Ana;Fem
Luísa;Fem
Ana;Fem
Luíza;Fem
Ana;Fem
Maria;Fem
Ana;Fem
Paula;Fem
Ana;Fem
Rosa;Fem
Ana;Fem
Verônica;Fem
Anabel;Fem
Anabela;Fem
Anadiônema;Fem
Anadir;Fem
Anaide;Fem
Anais;Fem
Anajá;Fem
Anália;Fem
Analisa;Fem
Anami;Fem
Ananda;Fem
Anárcase;Fem
Anastácia;Fem
Anastasia;Fem
Anaxarete;Fem
Andina;Fem
Andirá;Fem
Andrámaca;Fem
Andrea;Fem
Andréa;Fem
Luísa;Fem
Andréia;Fem
Andreina;Fem
Andrelina;Fem
Andresa;Fem
Andressa;Fem
Andrija;Fem
Androcléia;Fem
Andrômeda;Fem
Aneci;Fem
Anêmola;Fem
Anemone;Fem
Anes;Fem
Anésia;Fem
Anete;Fem
Anfitrite;Fem
Angel;Fem
Ângela;Fem
Ângela;Fem
Fabiana;Fem
Ângela;Fem
Maria;Fem
Angélica;Fem
Angélica;Fem
Maria;Fem
Angelina;Fem
Angelita;Fem
Angenora;Fem
Angerona;Fem
Angícia;Fem
Anhaia;Fem
Ania;Fem
Anice;Fem
Anícia;Fem
Ânima;Fem
Anis;Fem
Anise;Fem
Anísia;Fem
Anita;Fem
Anja;Fem
Anjuta;Fem
Ank;Fem
Anke;Fem
Anna;Fem
Anne;Fem
Annemarie;Fem
Anneta;Fem
Anni;Fem
Annie;Fem
Anninka;Fem
Anouk;Fem
Anselma;Fem
Anselme;Fem
Anselmina;Fem
Antelma;Fem
Anthea;Fem
Antianira;Fem
Anticléia;Fem
Antígona;Fem
Antje;Fem
Antoinete;Fem
Antoinette;Fem
Antônia;Fem
Antonieta;Fem
Antoniete;Fem
Antonina;Fem
Antonita;Fem
Anúncia;Fem
Anunciação;Fem
Anunciada;Fem
Anunciata;Fem
Aônia;Fem
Aparecida;Fem
Aparícia;Fem
Aphrodite;Fem
Ápia;Fem
Apikalia;Fem
Apoédia;Fem
Apolina;Fem
Apolinária;Fem
Apolônia;Fem
Áquila;Fem
Aquilina;Fem
Aquira;Fem
Ará;Fem
Arabela;Fem
Arabi;Fem
Aracelis;Fem
Aracema;Fem
Araci;Fem
Araci,;Fem
Aracy;Fem
Araciara;Fem
Aracne;Fem
Aracunda;Fem
Aranha;Fem
Arani;Fem
Aretusa;Fem
Argemira;Fem
Argentina;Fem
Argira;Fem
Ariadne;Fem
Ariana;Fem
Ariane;Fem
Arianna;Fem
Aricema;Fem
Arícia;Fem
Aricina;Fem
Aricléia;Fem
Ariele;Fem
Arienne;Fem
Arieta;Fem
Arinhã;Fem
Aristéia;Fem
Aristotelina;Fem
Aritana;Fem
Arlene;Fem
Arlete;Fem
Arlina;Fem
Arlinda;Fem
Arline;Fem
Armia;Fem
Armida;Fem
Arminda;Fem
Arriaga;Fem
Arrieta;Fem
Arrife;Fem
Arriola;Fem
Arsione;Fem
Artaschasa;Fem
Artêmia;Fem
Artémide;Fem
Ártemis;Fem
Artemísia;Fem
Aruana;Fem
Aryana;Fem
Arza;Fem
Asher;Fem
Aspásia;Fem
Assunta;Fem
Astéria;Fem
Ástora;Fem
Astra;Fem
Átala;Fem
Atalanta;Fem
Ataléia;Fem
Atalia;Fem
Augusta;Fem
Aurélia;Fem
Auricélia;Fem
Ayla;Fem
Azucena;Fem
Babete;Fem
Baena;Fem
Baepeba;Fem
Baeta;Fem
Balbina;Fem
Balsamina;Fem
Bambi;Fem
Bambina;Fem
Bambuí;Fem
Banábil;Fem
Bandeira;Fem
Baniwa;Fem
Barata;Fem
Baraúna;Fem
Bárbara;Fem
Bárbara;Fem
Cristina;Fem
Bárbara;Fem
Heliodora;Fem
Barbela;Fem
Barbie;Fem
Bariri;Fem
Barry;Fem
Bartira;Fem
Basiliana;Fem
Basilina;Fem
Basilissa;Fem
Basina;Fem
Batilde;Fem
Batistina;Fem
Báucide;Fem
Bea;Fem
Beate;Fem
Beatrice;Fem
Beatriz;Fem
Beau;Fem
Beaumont;Fem
Beca;Fem
Becky;Fem
Bedelia;Fem
Belá;Fem
Belamina;Fem
Belano;Fem
Belca;Fem
Belfort;Fem
Belinda;Fem
Belisa;Fem
Belita;Fem
Bell;Fem
Bella;Fem
Belle;Fem
Belmira;Fem
Bendita;Fem
Benedita;Fem
Benévola;Fem
Beni;Fem
Benícia;Fem
Benigna;Fem
Benilda;Fem
Benjamine;Fem
Benoite;Fem
Benta;Fem
Berdine;Fem
Berenice;Fem
Bernadete;Fem
Bernadette;Fem
Bernarda;Fem
Bernardine;Fem
Bernice;Fem
Béroe;Fem
Berry;Fem
Bersabé;Fem
Berta;Fem
Bertha;Fem
Berthe;Fem
Bertina;Fem
Beryl;Fem
Bessie;Fem
Betânia;Fem
Bete;Fem
Betel;Fem
Beth;Fem
Bethany;Fem
Betina;Fem
Betsabé;Fem
Betsy;Fem
Bettina;Fem
Betty;Fem
Beverly;Fem
Beviláqua;Fem
Bianca;Fem
Bibiana;Fem
Birgit;Fem
Birgitta;Fem
Bizet;Fem
Blanche;Fem
Blanck;Fem
Blanda;Fem
Blandícia;Fem
Blandina;Fem
Blenda;Fem
Bocaiúva;Fem
Bolina;Fem
Bonifácia;Fem
Bonina;Fem
Bonita;Fem
Bonnie;Fem
Borja;Fem
Boyrá;Fem
Branca;Fem
Brandi;Fem
Branka;Fem
Brasiliana;Fem
Brenda;Fem
Brenna;Fem
Bridget;Fem
Brígida;Fem
Brigita;Fem
Brigite;Fem
Brita;Fem
Britânia;Fem
Brites;Fem
Britta;Fem
Brumália;Fem
Bruna;Fem
Bruneida;Fem
Brunhilde;Fem
Brunilda;Fem
Brunnah;Fem
Budant;Fem
Buriti;Fem
Burle;Fem
Caássica;Fem
Cábira;Fem
Caçapava;Fem
Cacéres;Fem
Cacilda;Fem
Cadi;Fem
Cadile;Fem
Caeté;Fem
Cafene;Fem
Cafira;Fem
Caillet;Fem
Cairu;Fem
Caitlin;Fem
Caitria;Fem
Cajaty;Fem
Caledônia;Fem
Calídice;Fem
Calidora;Fem
Caliméria;Fem
Calina;Fem
Calíope;Fem
Calista;Fem
Calix;Fem
Camapuã;Fem
Cambuci;Fem
Cambuquira;Fem
Camby;Fem
Cambyçara;Fem
Camélia;Fem
Camena;Fem
Cameron;Fem
Camila;Fem
Camille;Fem
Camocim;Fem
Campbel;Fem
Camury;Fem
Cânace;Fem
Canará;Fem
Candal;Fem
Cândia;Fem
Cândida;Fem
Candy;Fem
Canet;Fem
Canirim;Fem
Capitolina;Fem
Capotira;Fem
Caprina;Fem
Cara;Fem
Carina;Fem
Carla;Fem
Carly;Fem
Carmela;Fem
Carmélia;Fem
Carmeliana;Fem
Carmelina;Fem
Carmelinda;Fem
Carmelita;Fem
Carmem;Fem
Carmen;Fem
Carmo;Fem
Carol;Fem
Carola;Fem
Carolina;Fem
Caroline;Fem
Caron;Fem
Carrie;Fem
Casira;Fem
Cass;Fem
Cassandra;Fem
Cassarah;Fem
Cássia;Fem
Cassiana;Fem
Cassidy;Fem
Cassilda;Fem
Castelar;Fem
Catarina;Fem
Caterina;Fem
Catherine;Fem
Cátia;Fem
Catira;Fem
Catrina;Fem
Caturama;Fem
Cayari;Fem
Ceci;Fem
Cécile;Fem
Cecília;Fem
Celandine;Fem
Celeste;Fem
Célia;Fem
Célica;Fem
Celimena;Fem
Celina;Fem
Celiny;Fem
Cembira;Fem
Cendi;Fem
Cendira;Fem
Cendyl;Fem
Ceres;Fem
Ceressa;Fem
Cesarina;Fem
Chad;Fem
Chandãli;Fem
Chandra;Fem
Charissa;Fem
Charla;Fem
Charlene;Fem
Charlote;Fem
Charna;Fem
Chase;Fem
Chede;Fem
Cherry;Fem
Chiara;Fem
Christianna;Fem
Chrysanta;Fem
Chun;Fem
Churi;Fem
Cibele;Fem
Cida;Fem
Cilene;Fem
Cimeína;Fem
Cinara;Fem
Cindra;Fem
Cinira;Fem
Cíntia;Fem
Cinzia;Fem
Cipoúna;Fem
Cipriana;Fem
Claire;Fem
Clara;Fem
Clare;Fem
Clarence;Fem
Clarice;Fem
Clarimunda;Fem
Clarina;Fem
Clarinda;Fem
Clarissa;Fem
Clarisse;Fem
Clarita;Fem
Claudete;Fem
Cláudia;Fem
Claudiana;Fem
Claudina;Fem
Claudine;Fem
Clay;Fem
Cleanto;Fem
Cléia;Fem
Cleide;Fem
Clélia;Fem
Clemência;Fem
Clementine;Fem
Cléo;Fem
Cleonice;Fem
Cleópatra;Fem
Cleusa;Fem
Clície;Fem
Climênia;Fem
Clínia;Fem
Clíntia;Fem
Clítia;Fem
Cloé;Fem
Clorinda;Fem
Clothilde;Fem
Clotilde;Fem
Coaraci;Fem
Cobé;Fem
Coema;Fem
Colares;Fem
Cólchida;Fem
Colomba;Fem
Colombina;Fem
Conceição;Fem
Concepcion;Fem
Concórdia;Fem
Connie;Fem
Constance;Fem
Constância;Fem
Constantina;Fem
Consuelo;Fem
Cora;Fem
Corália;Fem
Corallina;Fem
Cordélia;Fem
Cordula;Fem
Corin;Fem
Corina;Fem
Cornélia;Fem
Cotiguara;Fem
Courtney;Fem
Cremilda;Fem
Crescência;Fem
Crescenzia;Fem
Crespi;Fem
Creta;Fem
Creusa;Fem
Cristal;Fem
Cristália;Fem
Cristiana;Fem
Cristina;Fem
Cunina;Fem
Cynthia;Fem
Dácia;Fem
Dafne;Fem
Dagmara;Fem
Dagny;Fem
Daíra;Fem
Daisy;Fem
Dakarai;Fem
Dakota;Fem
Dale;Fem
Dália;Fem
Dalila;Fem
Dalmira;Fem
Dalva;Fem
Dalvina;Fem
Dalziza;Fem
Damarina;Fem
Dâmaris;Fem
Damiana;Fem
Dana;Fem
Dandara;Fem
Daniela;Fem
Daniela;Fem
Helena;Fem
Danielle;Fem
Danika;Fem
Danila;Fem
Danita;Fem
Danuta;Fem
Daphné;Fem
Darã;Fem
Daria;Fem
Darlene;Fem
Darlene;Fem
Glória;Fem
Daslange;Fem
Davena;Fem
Dávila;Fem
Davina;Fem
Dayane;Fem
Dayse;Fem
Déa;Fem
Debbie;Fem
Débora;Fem
Débora;Fem
Regina;Fem
Deborah;Fem
Debra;Fem
Déia;Fem
Deífila;Fem
Deise;Fem
Dejanir;Fem
Dejanira;Fem
Delamar;Fem
Delamare;Fem
Delamari;Fem
Delfina;Fem
Delta;Fem
Demeter;Fem
Demétria;Fem
Demóstenes;Fem
Dena;Fem
Denise;Fem
Denise;Fem
Aparecida;Fem
Deolinda;Fem
Desdêmona;Fem
Desidéria;Fem
Desiré;Fem
Désirée;Fem
Destiny;Fem
Deusdetina;Fem
Deva;Fem
Diacira;Fem
Diacuí;Fem
Diadema;Fem
Diana;Fem
Diana;Fem
Regina;Fem
Diane;Fem
Dicéa;Fem
Dicéia;Fem
Dídima;Fem
Digna;Fem
Dilma;Fem
Dilza;Fem
Dina;Fem
Diná;Fem
Dinah;Fem
Dinair;Fem
Dinartea;Fem
Dinorá;Fem
Diolinda;Fem
Diomara;Fem
Dione;Fem
Dionira;Fem
Diores;Fem
Dirce;Fem
Diva;Fem
Divinalda;Fem
Djalmira;Fem
Djamila;Fem
Djamira;Fem
Dolores;Fem
Domência;Fem
Dominga;Fem
Dominique;Fem
Dona;Fem
Donata;Fem
Donatella;Fem
Donatienne;Fem
Donátila;Fem
Donna;Fem
Dora;Fem
Doralice;Fem
Dorcas;Fem
Dores;Fem
Doreta;Fem
Dórida;Fem
Dorotéia;Fem
Dorothea;Fem
Dorothy;Fem
Dulce;Fem
Dulcelina;Fem
Dulcie;Fem
Dulcinéia;Fem
Duncan;Fem
Dustin;Fem
Ebe;Fem
Ebira;Fem
Eça;Fem
Eçabara;Fem
Eçai;Fem
Eçaiara;Fem
Eçajira;Fem
Ecália;Fem
Eçara;Fem
Eçaraia;Fem
Eçauna;Fem
Echo;Fem
Ecira;Fem
Eda;Fem
Edagmara;Fem
Edana;Fem
Edelina;Fem
Edeline;Fem
Edelmira;Fem
Edênica;Fem
Edésia;Fem
Edileusa;Fem
Edina;Fem
Edissa;Fem
Edite;Fem
Edith;Fem
Edmara;Fem
Edna;Fem
Ednalva;Fem
Ednaré;Fem
Édnie;Fem
Ednilda;Fem
Eduarda;Fem
Edwiges;Fem
Edwina;Fem
Efrata;Fem
Egídia;Fem
Eglantina;Fem
Ehwina;Fem
Eileen;Fem
Eilen;Fem
Eirapuã;Fem
Eirati;Fem
Eiruba;Fem
Ekika;Fem
Elaine;Fem
Elba;Fem
Elbia;Fem
Elcana;Fem
Elea;Fem
Electa;Fem
Electra;Fem
Elen;Fem
Elena;Fem
Eleonora;Fem
Elga;Fem
Elia;Fem
Eliabe;Fem
Eliade;Fem
Eliana;Fem
Eliane;Fem
Élida;Fem
Elika;Fem
Elis;Fem
Elisa;Fem
Elisabete;Fem
Elisabeth;Fem
Elisângela;Fem
Elisha;Fem
Elissa;Fem
Eliza;Fem
Elizabete;Fem
Elizabeth;Fem
Elke;Fem
Ellen;Fem
Elma;Fem
Elmara;Fem
Elmira;Fem
Eloá;Fem
Elódia;Fem
Eloina;Fem
Eloísa;Fem
Eloise;Fem
Elsa;Fem
Else;Fem
Elsie;Fem
Elva;Fem
Elvira;Fem
Elza;Fem
Elzira;Fem
Ema;Fem
Emaci;Fem
Emanuela;Fem
Emélia;Fem
Emeline;Fem
Emereciana;Fem
Emereciano;Fem
Emerenciana;Fem
Emérita;Fem
Emi;Fem
Emília;Fem
Emiliana;Fem
Emilie;Fem
Emilly;Fem
Emily;Fem
Emitima;Fem
Emma;Fem
Emmanuelle;Fem
Ena;Fem
Endyra;Fem
Enedina;Fem
Eneida;Fem
Enery;Fem
Engrácia;Fem
Eni;Fem
Enid;Fem
Enide;Fem
Enoma;Fem
Entória;Fem
Eora;Fem
Epifânia;Fem
Epona;Fem
Ercília;Fem
Erê;Fem
Ereíma;Fem
Érica;Fem
Érika;Fem
Erla;Fem
Ermelinda;Fem
Ermengarda;Fem
Ermesinda;Fem
Erondina;Fem
Erotides;Fem
Erotildes;Fem
Ervina;Fem
Éryca;Fem
Ésia;Fem
Esmeralda;Fem
Esméria;Fem
Esperança;Fem
Esperanza;Fem
Estácia;Fem
Estefânia;Fem
Estela;Fem
Ester;Fem
Esther;Fem
Etama;Fem
Etna;Fem
Etzel;Fem
Eucádia;Fem
Eucaris;Fem
Eucléia;Fem
Eudine;Fem
Eudócia;Fem
Eudora;Fem
Eudóxia;Fem
Eufêmia;Fem
Eufena;Fem
Eufrásia;Fem
Eugene;Fem
Eugênia;Fem
Eulália;Fem
Eulice;Fem
Eulina;Fem
Eunice;Fem
Euríale;Fem
Eurides;Fem
Euridice;Fem
Eusébia;Fem
Eustáquia;Fem
Eutália;Fem
Eva;Fem
Evangelina;Fem
Evangeline;Fem
Evelin;Fem
Evelina;Fem
Eveline;Fem
Evelyn;Fem
Evita;Fem
Evódia;Fem
Ewa;Fem
Ezra;Fem
Fábia;Fem
Fabiana;Fem
Fabiane;Fem
Fabienne;Fem
Fabíola;Fem
Fabrice;Fem
Fabrícia;Fem
Fani;Fem
Fanny;Fem
Farah;Fem
Farida;Fem
Farrah;Fem
Fátima;Fem
Fátma;Fem
Fátua;Fem
Fauna;Fem
Fay;Fem
Feba;Fem
Febe;Fem
Fedra;Fem
Felicien;Fem
Felicienne;Fem
Felicity;Fem
Felina;Fem
Felisa;Fem
Fernanda;Fem
Ferônia;Fem
Filipa;Fem
Filomela;Fem
Filomena;Fem
Filotéia;Fem
Flamínia;Fem
Flávia;Fem
Flavie;Fem
Floide;Fem
Flora;Fem
Florália;Fem
Florbela;Fem
Florence;Fem
Florência;Fem
Florentina;Fem
Flori;Fem
Floriana;Fem
Flórida;Fem
Florinda;Fem
Florípedes;Fem
Floripes;Fem
Florisbela;Fem
Franceline;Fem
Frances;Fem
Francesca;Fem
Franciele;Fem
Francine;Fem
Francis;Fem
Francisca;Fem
Françoise;Fem
Franziska;Fem
Freda;Fem
Frederica;Fem
Fréia;Fem
Freya;Fem
Frida;Fem
Frieda;Fem
Fulgência;Fem
Fúlvia;Fem
Fuyuki;Fem
Gabala;Fem
Gabina;Fem
Gabriela;Fem
Gabriele;Fem
Gabrielle;Fem
Gaby;Fem
Gadelha;Fem
Gaia;Fem
Gail;Fem
Gaila;Fem
Gal;Fem
Galadriel;Fem
Gálata;Fem
Galatéia;Fem
Galdência;Fem
Galdina;Fem
Gale;Fem
Galeba;Fem
Galen;Fem
Galena;Fem
Galéria;Fem
Gália;Fem
Gamélia;Fem
Gândara;Fem
Garamântia;Fem
Gardênia;Fem
Gareth;Fem
Gavina;Fem
Gaye;Fem
Gayla;Fem
Géia;Fem
Geisila;Fem
Geisla;Fem
Gelásia;Fem
Gemma;Fem
Gena;Fem
Genara;Fem
Genciana;Fem
Gene;Fem
Genebra;Fem
Generosa;Fem
Genésia;Fem
Gênesis;Fem
Genetílides;Fem
Genevieve;Fem
Genevra;Fem
Genoveva;Fem
Georgete;Fem
Geórgia;Fem
Georgina;Fem
Geovana;Fem
Geovanna;Fem
Geralda;Fem
Gerânia;Fem
Germaine;Fem
Germana;Fem
Gersam;Fem
Gerthe;Fem
Gertrudes;Fem
Gertruida;Fem
Gerusa;Fem
Geruza;Fem
Geslinda;Fem
Getúlia;Fem
Ghislaine;Fem
Gia;Fem
Giane;Fem
Giani;Fem
Giannina;Fem
Gigi;Fem
Gilca;Fem
Gilcimar;Fem
Gilda;Fem
Gilmara;Fem
Gilvaneide;Fem
Gina;Fem
Gioconda;Fem
Giordana;Fem
Giórgia;Fem
Giovana;Fem
Giovanna;Fem
Girani;Fem
Gisa;Fem
Gisel;Fem
Gisela;Fem
Giselda;Fem
Gisele;Fem
Giselle;Fem
Gislaim;Fem
Gislaine;Fem
Gisleine;Fem
Gita;Fem
Giulia;Fem
Giuliana;Fem
Giuseppina;Fem
Gladis;Fem
Gladyr;Fem
Glauce;Fem
Glaucia;Fem
Glaucipe;Fem
Glaura;Fem
Gleide;Fem
Gleusa;Fem
Glice;Fem
Glicéria;Fem
Glória;Fem
Godiva;Fem
Godofreda;Fem
Goiana;Fem
Goreti;Fem
Graça;Fem
Grace;Fem
Gracia;Fem
Graciana;Fem
Graciela;Fem
Granada;Fem
Grania;Fem
Grata;Fem
Grazia;Fem
Graziela;Fem
Grazina;Fem
Greca;Fem
Greice;Fem
Greta;Fem
Grete;Fem
Griselda;Fem
Guacira;Fem
Guadalupe;Fem
Guaíra;Fem
Guapira;Fem
Guaracema;Fem
Guaraci;Fem
Guaraciaba;Fem
Guaraciara;Fem
Guaratinga;Fem
Guaraúna;Fem
Guida;Fem
Guilhermina;Fem
Guinete;Fem
Guiomar;Fem
Gwenda;Fem
Gwineth;Fem
H;Fem
Edwiges;Fem
Habel;Fem
Hadassa;Fem
Hagite;Fem
Haidê;Fem
Haidee;Fem
Haidéia;Fem
Haikela;Fem
Hala;Fem
Halias;Fem
Halikaka;Fem
Hálima;Fem
Halina;Fem
Halola;Fem
Halona;Fem
Hamadríade;Fem
Hamed;Fem
Hana;Fem
Hanâni;Fem
Hani;Fem
Hannah;Fem
Harpina;Fem
Hava;Fem
Haydée;Fem
Hazael;Fem
Hebe;Fem
Hécuba;Fem
Hedda;Fem
Hedviges;Fem
Hegla;Fem
Heidi;Fem
Heike;Fem
Heiki;Fem
Hekele;Fem
Hekewika;Fem
Helância;Fem
Helbia;Fem
Hélcias;Fem
Hele;Fem
Helen;Fem
Helena;Fem
Helene;Fem
Hellen;Fem
Heloísa;Fem
Heloise;Fem
Helvécia;Fem
Helvina;Fem
Henedina;Fem
Henriqueta;Fem
Hera;Fem
Heracléia;Fem
Herádia;Fem
Hercília;Fem
Hérica;Fem
Hermione;Fem
Herondina;Fem
Hersília;Fem
Herta;Fem
Hideaki;Fem
Hideki;Fem
Hilária;Fem
Hilda;Fem
Hilde;Fem
Hilma;Fem
Hipereides;Fem
Hipólita;Fem
Hirana;Fem
Holda;Fem
Holly;Fem
Honorata;Fem
Horácia;Fem
Hortênsia;Fem
Hosana;Fem
Hulda;Fem
Hypséa;Fem
Iabá;Fem
Iaceê;Fem
Iaci;Fem
Iacina;Fem
Iadah;Fem
Iana;Fem
Iandara;Fem
Iara;Fem
Iasmin;Fem
Ibarama;Fem
Ibarantâ;Fem
Ibaretama;Fem
Iberaba;Fem
Ibiacema;Fem
Ibiama;Fem
Ibiara;Fem
Ibitira;Fem
Ibiúna;Fem
Ibotira;Fem
Ibotirama;Fem
Ibsen;Fem
Ida;Fem
Idália;Fem
Idalina;Fem
Iderê;Fem
Idesta;Fem
Ieda;Fem
Iemanjá;Fem
Ierê;Fem
Ifigênia;Fem
Ifimedia;Fem
Igapira;Fem
Igara;Fem
Ignês;Fem
Iguana;Fem
Ihelane;Fem
Ikepela;Fem
Ilana;Fem
Ilca;Fem
Ileina;Fem
Ilíone;Fem
Ilítia;Fem
Ilka;Fem
Ilsa;Fem
Imaculada;Fem
Imelda;Fem
Imelde;Fem
Imira;Fem
Inã;Fem
Inácia;Fem
Inaé;Fem
Inaiê;Fem
Indira;Fem
Inema;Fem
Inês;Fem
Inêz;Fem
Ingrid;Fem
Ingride;Fem
Inocência;Fem
Ioana;Fem
Iodâmia;Fem
Iolanda;Fem
Ióle;Fem
Ioná;Fem
Ione;Fem
Iori;Fem
Ipana;Fem
Ipê;Fem
Ipoema;Fem
Ipuã;Fem
Ira;Fem
Iracema;Fem
Iraci;Fem
Irani;Fem
Iratama;Fem
Irecê;Fem
Irene;Fem
Irenia;Fem
Íria;Fem
Íris;Fem
Irma;Fem
Isa;Fem
Isabel;Fem
Isabela;Fem
Isabele;Fem
Isadora;Fem
Isaura;Fem
Isidora;Fem
Isidore;Fem
Isis;Fem
Islena;Fem
Ismênia;Fem
Isméria;Fem
Isolda;Fem
Isolina;Fem
Isra;Fem
Issa;Fem
Itacira;Fem
Itanema;Fem
Itapema;Fem
Itaperuna;Fem
Itaúna;Fem
Iúna;Fem
Ivana;Fem
Ivani;Fem
Ivanice;Fem
Ivete;Fem
Ivone;Fem
Ivy;Fem
Izabel;Fem
Izabele;Fem
Izilcara;Fem
Izolina;Fem
Izolita;Fem
Jaçara;Fem
Jaci;Fem
Jaciaba;Fem
Jaciara;Fem
Jaciema;Fem
Jacimar;Fem
Jacina;Fem
Jacinira;Fem
Jacinta;Fem
Jacira;Fem
Jacirema;Fem
Jack;Fem
Jaclyn;Fem
Jacobina;Fem
Jacqueline;Fem
Jada;Fem
Jade;Fem
Jaima;Fem
Jamie;Fem
Jamila;Fem
Jamile;Fem
Janaina;Fem
Janarí;Fem
Jandaia;Fem
Jandaíra;Fem
Jandira;Fem
Jane;Fem
Janel;Fem
Janelle;Fem
Janet;Fem
Janete;Fem
Janice;Fem
Janine;Fem
Japira;Fem
Jaqueline;Fem
Jarina;Fem
Jathara;Fem
Jayma;Fem
Jeane;Fem
Jeanette;Fem
Jeanine;Fem
Jeceara;Fem
Jekaterina;Fem
Jemima;Fem
Jemime;Fem
Jênie;Fem
Jenifari;Fem
Jenifer;Fem
Jennifer;Fem
Jerema;Fem
Jerusa;Fem
Jerusha;Fem
Jesebel;Fem
Jessamina;Fem
Jéssica;Fem
Jessie;Fem
Jessy;Fem
Jesuína;Fem
Joana;Fem
Joannes;Fem
Joás;Fem
Jocasta;Fem
Joelma;Fem
Joice;Fem
Jolene;Fem
Jordana;Fem
Joseane;Fem
Josefa;Fem
Josefina;Fem
Josélia;Fem
Joseline;Fem
Josenilda;Fem
Josenilde;Fem
Josephine;Fem
Josi;Fem
Josiana;Fem
Josie;Fem
Jovita;Fem
Joyce;Fem
Juacira;Fem
Juanita;Fem
Juarana;Fem
Juatama;Fem
Jubaia;Fem
Juçana;Fem
Judi;Fem
Judit;Fem
Judite;Fem
Judith;Fem
Judy;Fem
Júlia;Fem
Juliana;Fem
Julianne;Fem
Julie;Fem
Julieta;Fem
Julliana;Fem
June;Fem
Júnia;Fem
Jupiara;Fem
Jupira;Fem
Jurandira;Fem
Jurema;Fem
Juruna;Fem
Jussara;Fem
Justa;Fem
Justina;Fem
Justine;Fem
Jutta;Fem
Juvenca;Fem
Juvência;Fem
Kabza;Fem
Kadichari;Fem
Kaiki;Fem
Kaila;Fem
Kailani;Fem
Kailene;Fem
Kailina;Fem
Kakalina;Fem
Kaki;Fem
Kalamela;Fem
Kalena;Fem
Kali;Fem
Kalina;Fem
Kalola;Fem
Kalolaina;Fem
Kamealamalama;Fem
Kami;Fem
Kamila;Fem
Kammille;Fem
Kanakake;Fem
Kanake;Fem
Kanela;Fem
Kanike;Fem
Kaolin;Fem
Karen;Fem
Kari;Fem
Karim;Fem
Karin;Fem
Karina;Fem
Karine;Fem
Karla;Fem
Karly;Fem
Karol;Fem
Karolina;Fem
Karoline;Fem
Karolyn;Fem
Kasandra;Fem
Kássia;Fem
Katarina;Fem
Kate;Fem
Katherine;Fem
Kathy;Fem
Kátia;Fem
Katya;Fem
Kaylane;Fem
Keaka;Fem
Keakakona;Fem
Keike;Fem
Keiko;Fem
Keila;Fem
Keke;Fem
Keki;Fem
Kelama;Fem
Kelda;Fem
Keleka;Fem
Keli;Fem
Kélia;Fem
Kelika;Fem
Kelly;Fem
Kely;Fem
Kemal;Fem
Kerensa;Fem
Kerina;Fem
Kerstin;Fem
Khadija;Fem
Kiara;Fem
Kiera;Fem
Kika;Fem
Kilakila;Fem
Kin;Fem
Kiopaa;Fem
Kira;Fem
Kodia;Fem
Konia;Fem
Kopi;Fem
Krishna;Fem
Krista;Fem
Kristal;Fem
Ksenia;Fem
Ksenya;Fem
Kuana;Fem
Kuanna;Fem
Kuarashí;Fem
Kuat;Fem
Kumari;Fem
Kurumí;Fem
Kuumomimakamae;Fem
Kyung-Soon;Fem
Laa;Fem
Labda;Fem
Lacerda;Fem
Ladária;Fem
Lafaiete;Fem
Lafontaine;Fem
Laguna;Fem
Laila;Fem
Laimana;Fem
Laina;Fem
Lais;Fem
Laísa;Fem
Lakina;Fem
Lakshmi;Fem
Lala;Fem
Lamartine;Fem
Lamenha;Fem
Lâmia;Fem
Lamona;Fem
Lana;Fem
Lanake;Fem
Lanassa;Fem
Lane;Fem
Lanete;Fem
Lani;Fem
Lara;Fem
Larisa;Fem
Larissa;Fem
Lâseja;Fem
Latasha;Fem
Latonia;Fem
Latóya;Fem
Lauda;Fem
Laudália;Fem
Laula;Fem
Laulena;Fem
Laura;Fem
Laureana;Fem
Laureen;Fem
Lauretta;Fem
Laurinda;Fem
Laverna;Fem
Laverne;Fem
Lavínea;Fem
Lavínia;Fem
Lavone;Fem
Layla;Fem
Lea;Fem
Léa;Fem
Leah;Fem
Leandra;Fem
Lecanora;Fem
Leda;Fem
Léia;Fem
Leikela;Fem
Leila;Fem
Leilane;Fem
Lekana;Fem
Lekinala;Fem
Lelanta;Fem
Lélia;Fem
Lelitia;Fem
Lemuela;Fem
Lena;Fem
Lenita;Fem
Lenora;Fem
Leomira;Fem
Leoní;Fem
Leônia;Fem
Leônidas;Fem
Leonor;Fem
Lepeka;Fem
Letice;Fem
Letícia;Fem
Leucósia;Fem
Levinda;Fem
Li;Fem
Lia;Fem
Libânia;Fem
Liberata;Fem
Líbia;Fem
Lídia;Fem
Lidiane;Fem
Lidya;Fem
Lígia;Fem
Lika;Fem
Liki;Fem
Lila;Fem
Liliam;Fem
Lilian;Fem
Liliana;Fem
Liliane;Fem
Lilite;Fem
Lilith;Fem
Lilsa;Fem
Lily;Fem
Lincoln;Fem
Linda;Fem
Lindalva;Fem
Lindoia;Fem
Line;Fem
Linei;Fem
Linfa;Fem
Linh;Fem
Lis;Fem
Lisete;Fem
Lissa;Fem
Lissandra;Fem
Liuba;Fem
Lívia;Fem
Liz;Fem
Lokelani;Fem
Lokele;Fem
Lolita;Fem
Lopeka;Fem
Lora;Fem
Lorena;Fem
Lorenza;Fem
Loreta;Fem
Lorinda;Fem
Lorna;Fem
Lorraine;Fem
Lotis;Fem
Louise;Fem
Lourdes;Fem
Lua;Fem
Luana;Fem
Luce;Fem
Lucélia;Fem
Lucena;Fem
Luci;Fem
Lúcia;Fem
Luciana;Fem
Lucidora;Fem
Lucien;Fem
Luciene;Fem
Lucila;Fem
Lucimar;Fem
Lucina;Fem
Lucineide;Fem
Lucíola;Fem
Lucrécia;Fem
Ludmila;Fem
Ludovica;Fem
Luísa;Fem
Luise;Fem
Luiza;Fem
Luiziane;Fem
Luma;Fem
Lumiana;Fem
Luna;Fem
Lupicínia;Fem
Lurdes;Fem
Luzia;Fem
Lydia;Fem
Lyuba;Fem
Maala;Fem
Mabelle;Fem
Macária;Fem
Macieira;Fem
Macrina;Fem
Mácris;Fem
Madalena;Fem
Maddalena;Fem
Madel;Fem
Madelberta;Fem
Madeleine;Fem
Madelina;Fem
Madeline;Fem
Madressilva;Fem
Maes;Fem
Mafalda;Fem
Magali;Fem
Magda;Fem
Magdalena;Fem
Magide;Fem
Magna;Fem
Magnólia;Fem
Mahaoo;Fem
Mahina;Fem
Maiara;Fem
Maida;Fem
Maike;Fem
Mainara;Fem
Maíra;Fem
Maire;Fem
Maisa;Fem
Maitê;Fem
Makelina;Fem
Maleah;Fem
Malie;Fem
Malika;Fem
Malina;Fem
Malka;Fem
Mallory;Fem
Malori;Fem
Maluhia;Fem
Malva;Fem
Malvina;Fem
Manacá;Fem
Manai;Fem
Manaolana;Fem
Mandi;Fem
Mandy;Fem
Manhaná;Fem
Manjusha;Fem
Manoela;Fem
Mansueto;Fem
Manuela;Fem
Manuella;Fem
Mara;Fem
Maraíra;Fem
Marana;Fem
Maraneíma;Fem
Marcela;Fem
Márcia;Fem
Marcolina;Fem
Margarete;Fem
Margareth;Fem
Margarida;Fem
Margarit;Fem
Margô;Fem
Margot;Fem
Mari;Fem
Maria;Fem
Maria;Fem
Alice;Fem
Maria;Fem
Aparecida;Fem
Maria;Fem
Clara;Fem
Maria;Fem
Eduarda;Fem
Maria;Fem
Estela;Fem
Maria;Fem
Fernanda;Fem
Maria;Fem
Helena;Fem
Maria;Fem
João;Fem
Maria;Fem
José;Fem
Maria;Fem
Júlia;Fem
Maria;Fem
Luísa;Fem
Maria;Fem
Luíza;Fem
Mariah;Fem
Mariam;Fem
Mariana;Fem
Márica;Fem
Maricí;Fem
Maricília;Fem
Maricy;Fem
Marie;Fem
Mariel;Fem
Marielsa;Fem
Marietta;Fem
Marija;Fem
Marilda;Fem
Marilena;Fem
Marilene;Fem
Marília;Fem
Marilse;Fem
Marilú;Fem
Marina;Fem
Maríndia;Fem
Maris;Fem
Marisa;Fem
Marise;Fem
Maristela;Fem
Mariucha;Fem
Marjani;Fem
Marjorie;Fem
Marjory;Fem
Marla;Fem
Marlena;Fem
Marlene;Fem
Marli;Fem
Marlise;Fem
Marta;Fem
Martha;Fem
Marva;Fem
Marvel;Fem
Mary;Fem
Matilda;Fem
Matilde;Fem
Matutina;Fem
Mauad;Fem
Maura;Fem
Maurícia;Fem
Máxima;Fem
Maximiliana;Fem
Maximilienne;Fem
Mayara;Fem
Medéia;Fem
Mégara;Fem
Meire;Fem
Mel;Fem
Melânia;Fem
Melanie;Fem
Melca;Fem
Mélia;Fem
Melina;Fem
Melinda;Fem
Melissa;Fem
Melpone;Fem
Melvina;Fem
Mena;Fem
Mência;Fem
Menelaia;Fem
Mera;Fem
Mercedes;Fem
Messina;Fem
Metanira;Fem
Mi-Cha;Fem
Mia;Fem
Micaela;Fem
Micarla;Fem
Michela;Fem
Michele;Fem
Michelle;Fem
Micol;Fem
Milena;Fem
Mina;Fem
Minna;Fem
Mira;Fem
Mirabel;Fem
Mirabele;Fem
Miracema;Fem
Miraglia;Fem
Miranda;Fem
Mirela;Fem
Mirelle;Fem
Míria;Fem
Miriam;Fem
Mirian;Fem
Mirina;Fem
Mirna;Fem
Mirta;Fem
Mirza;Fem
Moama;Fem
Modesta;Fem
Moema;Fem
Mona;Fem
Monalisa;Fem
Moneta;Fem
Mônica;Fem
Monique;Fem
Morgana;Fem
Mória;Fem
Múcia;Fem
Munira;Fem
Murana;Fem
Múrcia;Fem
Murta;Fem
Musa;Fem
Musidora;Fem
Myra;Fem
Myrcia;Fem
Myrella;Fem
Nadezhda;Fem
Nadi;Fem
Nádia;Fem
Nadir;Fem
Nady;Fem
Náiade;Fem
Naiara;Fem
Naida;Fem
Naíma;Fem
Nair;Fem
Naira;Fem
Naja;Fem
Najla;Fem
Nakana;Fem
Nakine;Fem
Naná;Fem
Nanã;Fem
Nanci;Fem
Nancy;Fem
Naneki;Fem
Nanette;Fem
Nanine;Fem
Naomi;Fem
Napéia;Fem
Nara;Fem
Naréa;Fem
Nássera;Fem
Nassima;Fem
Natacha;Fem
Natália;Fem
Natalie;Fem
Natasha;Fem
Nathalia;Fem
Nayara;Fem
Nazária;Fem
Nazariela;Fem
Nazário;Fem
Nazira;Fem
Neda;Fem
Néia;Fem
Neica;Fem
Neida;Fem
Neide;Fem
Neila;Fem
Neiva;Fem
Nelita;Fem
Nelly;Fem
Neméia;Fem
Nênia;Fem
Neófita;Fem
Neputira;Fem
Nereza;Fem
Néria;Fem
Neriá;Fem
Neriah;Fem
Nerina;Fem
Nerine;Fem
Neusa;Fem
Niara;Fem
Nice;Fem
Nicéia;Fem
Nícia;Fem
Nicias;Fem
Nicole;Fem
Nila;Fem
Nilce;Fem
Nilda;Fem
Nildete;Fem
Nilma;Fem
Nilme;Fem
Nilza;Fem
Nina;Fem
Nirvana;Fem
Nise;Fem
Nita;Fem
Nívea;Fem
Nívia;Fem
Noa;Fem
Noéa;Fem
Noélia;Fem
Noemi;Fem
Noemia;Fem
Nola;Fem
Noleka;Fem
Nolemana;Fem
Nolina;Fem
Nona;Fem
Nora;Fem
Nórcia;Fem
Norina;Fem
Norma;Fem
Núbia;Fem
Nuna;Fem
Núncia;Fem
Ocirema;Fem
Ocrísia;Fem
Octávia;Fem
Odélia;Fem
Odemara;Fem
Odemira;Fem
Odessa;Fem
Odete;Fem
Odila;Fem
Odória;Fem
Ofélia;Fem
Oldaíra;Fem
Olga;Fem
Olímpia;Fem
Olinda;Fem
Olívia;Fem
Oneida;Fem
Oneide;Fem
Onélia;Fem
Opelia;Fem
Oriana;Fem
Oricema;Fem
Orquídea;Fem
Ortígia;Fem
Oscarina;Fem
Osnia;Fem
Otacília;Fem
Otávia;Fem
Otília;Fem
Otinga;Fem
Owena;Fem
Oxana;Fem
Paige;Fem
Pakelekia;Fem
Paki;Fem
Palakika;Fem
Palakine;Fem
Palani;Fem
Palapala;Fem
Palapi;Fem
Pallas;Fem
Palma;Fem
Palmira;Fem
Paloma;Fem
Pamela;Fem
Pamplona;Fem
Panda;Fem
Pandora;Fem
Pane;Fem
Paneki;Fem
Pantéia;Fem
Paola;Fem
Patience;Fem
Patrícia;Fem
Paula;Fem
Paulete;Fem
Paulina;Fem
Pauline;Fem
Pavuna;Fem
Peakalika;Fem
Pearl;Fem
Pecúnia;Fem
Peddy;Fem
Pedrina;Fem
Peggy;Fem
Pei;Fem
Peike;Fem
Pelena;Fem
Pelike;Fem
Penélope;Fem
Peônia;Fem
Pepita;Fem
Pércia;Fem
Perdida;Fem
Perdita;Fem
Perla;Fem
Pérola;Fem
Perpétua;Fem
Perséia;Fem
Petra;Fem
Petrônia;Fem
Piera;Fem
Pierina;Fem
Pietra;Fem
Pilar;Fem
Pina;Fem
Plácida;Fem
Placídia;Fem
Pocema;Fem
Poguira;Fem
Poliana;Fem
Policasta;Fem
Policena;Fem
Polikia;Fem
Polímela;Fem
Polínea;Fem
Polixene;Fem
Pololena;Fem
Pololika;Fem
Pomona;Fem
Pompéia;Fem
Poppy;Fem
Poranga;Fem
Porchat;Fem
Porcina;Fem
Potira;Fem
Preciosa;Fem
Priscila;Fem
Quandt;Fem
Quaraciama;Fem
Queiroga;Fem
Queli;Fem
Quelidônia;Fem
Querubim;Fem
Quimera;Fem
Quinci;Fem
Quintela;Fem
Quintéria;Fem
Quíone;Fem
Quirá;Fem
Quirina;Fem
Quiroga;Fem
Quiron;Fem
Quitéria;Fem
Rachel;Fem
Rachelle;Fem
Radmila;Fem
Rafaela;Fem
Rahyssa;Fem
Raimunda;Fem
Raíra;Fem
Raísa;Fem
Raissa;Fem
Ramona;Fem
Ranilda;Fem
Ranya;Fem
Raquel;Fem
Raria;Fem
Raruama;Fem
Raschele;Fem
Rashne;Fem
Rayane;Fem
Rebeca;Fem
Rebekah;Fem
Redenta;Fem
Régia;Fem
Regina;Fem
Renata;Fem
Renita;Fem
Rhode;Fem
Ricarda;Fem
Rina;Fem
Risa;Fem
Rita;Fem
Rivadávia;Fem
Roama;Fem
Roaslie;Fem
Roberta;Fem
Rocema;Fem
Rochelle;Fem
Rogata;Fem
Rogéria;Fem
Rolanda;Fem
Romana;Fem
Romilda;Fem
Roquira;Fem
Roriza;Fem
Rosa;Fem
Rosalba;Fem
Rosália;Fem
Rosalie;Fem
Rosamaria;Fem
Rosana;Fem
Rosângela;Fem
Rosária;Fem
Rosaura;Fem
Rose;Fem
Roseane;Fem
Roseli;Fem
Roselinde;Fem
Rosely;Fem
Rosemarie;Fem
Rosemary;Fem
Rosemeire;Fem
Rosete;Fem
Rosilene;Fem
Rosimeri;Fem
Rosina;Fem
Rosinha;Fem
Rosita;Fem
Rosivalda;Fem
Rowena;Fem
Rozala;Fem
Rozália;Fem
Ruana;Fem
Rubi;Fem
Rúbia;Fem
Rudi;Fem
Rurina;Fem
Rute;Fem
Ruth;Fem
Sabrina;Fem
Safira;Fem
Samanta;Fem
Samantha;Fem
Samara;Fem
Samira;Fem
Sandra;Fem
Sara;Fem
Sarah;Fem
Sebastiana;Fem
Selma;Fem
Semira;Fem
Semíramis;Fem
Serafina;Fem
Seraome;Fem
Sheila;Fem
Shira;Fem
Shirlei;Fem
Shirley;Fem
Sibil;Fem
Sibila;Fem
Sibyl;Fem
Sicupira;Fem
Sidéria;Fem
Sigfrid;Fem
Sigmara;Fem
Sigrid;Fem
Sila;Fem
Silena;Fem
Silvana;Fem
Sílvia;Fem
Sílvya;Fem
Simone;Fem
Simplícia;Fem
Sinésia;Fem
Singrid;Fem
Siomara;Fem
Sirena;Fem
Sirene;Fem
Sita;Fem
Siv;Fem
Socorro;Fem
Sofia;Fem
Solange;Fem
Somína;Fem
Sonal;Fem
Sônia;Fem
Sonja;Fem
Sonya;Fem
Sophia;Fem
Sophie;Fem
Soraia;Fem
Soraya;Fem
Stela;Fem
Stephanie;Fem
Sucena;Fem
Sucupira;Fem
Suelen;Fem
Sueli;Fem
Suellen;Fem
Suely;Fem
Sulamita;Fem
Suriel;Fem
Susana;Fem
Susanae;Fem
Susanne;Fem
Susete;Fem
Susie;Fem
Suzana;Fem
Suzie;Fem
Suzy;Fem
Tabacema;Fem
Tábata;Fem
Tabira;Fem
Tabita;Fem
Tabitha;Fem
Taci;Fem
Taciatã;Fem
Tacicema;Fem
Taciquara;Fem
Tacira;Fem
Tadéia;Fem
Taía;Fem
Taiane;Fem
Taígete;Fem
Tainá;Fem
Tainaçã;Fem
Tainara;Fem
Taís;Fem
Talassa;Fem
Taléia;Fem
Tália;Fem
Talita;Fem
Tâmara;Fem
Tamires;Fem
Tamiris;Fem
Tammy;Fem
Tânia;Fem
Tarsila;Fem
Tatiana;Fem
Tayla;Fem
Teanira;Fem
Teçarema;Fem
Téia;Fem
Telma;Fem
Teodolinda;Fem
Teodora;Fem
Teolinda;Fem
Tércia;Fem
Teresa;Fem
Tereza;Fem
Tereza;Fem
Cristina;Fem
Terezinha;Fem
Tersa;Fem
Thainá;Fem
Thaís;Fem
Thais;Fem
Helena;Fem
Thalassa;Fem
Thalia;Fem
Thamires;Fem
Thamiris;Fem
Thara;Fem
Thatiana;Fem
Ticiana;Fem
Tilexine;Fem
Timandra;Fem
Tirsa;Fem
Tolinda;Fem
Tolosa;Fem
Tomásia;Fem
Tônia;Fem
Túlia;Fem
Turmalina;Fem
Uaiana;Fem
Uaná;Fem
Uauiarará;Fem
Ubana;Fem
Ubiracema;Fem
Ubiraci;Fem
Uda;Fem
Uiara;Fem
Úlima;Fem
Umarama;Fem
Unígena;Fem
Urbi;Fem
Uriel;Fem
Úrsula;Fem
Vacuna;Fem
Valda;Fem
Valência;Fem
Valentina;Fem
Valéria;Fem
Valesca;Fem
Valia;Fem
Valônia;Fem
Valquíria;Fem
Vanda;Fem
Vanessa;Fem
Vânia;Fem
Vanusa;Fem
Vasti;Fem
Vaughan;Fem
Velma;Fem
Veneranda;Fem
Venília;Fem
Vera;Fem
Vera;Fem
Lúcia;Fem
Verena;Fem
Vergínia;Fem
Veridiana;Fem
Verônica;Fem
Viana;Fem
Victória;Fem
Vidya;Fem
Vilma;Fem
Vinciana;Fem
Vinola;Fem
Violeta;Fem
Virgília;Fem
Virgínia;Fem
Viridiana;Fem
Virna;Fem
Vismara;Fem
Vita;Fem
Vitalina;Fem
Vitória;Fem
Vítula;Fem
Vivá;Fem
Vivian;Fem
Viviana;Fem
Viviane;Fem
Vyviane;Fem
Wade;Fem
Waioleka;Fem
Walda;Fem
Walelia;Fem
Walesca;Fem
Wana;Fem
Wanda;Fem
Wânia;Fem
Warda;Fem
Welama;Fem
Wenceslas;Fem
Whitney;Fem
Wiki;Fem
Wikolia;Fem
Wilá;Fem
Wilda;Fem
Wilhelmina;Fem
Wilikilia;Fem
Wilma;Fem
Wilmara;Fem
Winifreda;Fem
Wismara;Fem
Wladis;Fem
Xavantina;Fem
Xaviera;Fem
Xena;Fem
Xênia;Fem
Xenika;Fem
Xerazade;Fem
Ximena;Fem
Xuan;Fem
Xuxa;Fem
Yanni;Fem
Yannis;Fem
Yara;Fem
Yarin;Fem
Yarmilla;Fem
Yasmin;Fem
Yasu;Fem
Yeda;Fem
Yelena;Fem
Yeva;Fem
Ynes;Fem
Yoko;Fem
Yolanda;Fem
Yoná;Fem
Yone;Fem
Yula;Fem
Yvone;Fem
Yvonne;Fem
Zada;Fem
Zafira;Fem
Zahara;Fem
Zahirah;Fem
Zahra;Fem
Zaida;Fem
Zaide;Fem
Zaila;Fem
Zaina;Fem
Zaíra;Fem
Zakia;Fem
Zalika;Fem
Zamira;Fem
Zandone;Fem
Zandra;Fem
Zânia;Fem
Zara;Fem
Zarah;Fem
Zarifa;Fem
Zarina;Fem
Zaynab;Fem
Zea;Fem
Zebulon;Fem
Zehava;Fem
Zeinab;Fem
Zelda;Fem
Zelenka;Fem
Zelfa;Fem
Zélia;Fem
Zelina;Fem
Zelinda;Fem
Zelmira;Fem
Zemina;Fem
Zena;Fem
Zenaide;Fem
Zene;Fem
Zênia;Fem
Zenilda;Fem
Zenóbia;Fem
Zerlinda;Fem
Zilá;Fem
Zilda;Fem
Zilema;Fem
Zilena;Fem
Zinara;Fem
Zoé;Fem
Zóilo;Fem
Zora;Fem
Zorah;Fem
Zoraide;Fem
Zorana;Fem
Zózima;Fem
Zuleica;Fem
Zulma;Fem
Zulmira;Fem